editor,action,Line Of Business  Component,Channel Component,Product Component,L0 Component,domain_sequence Qualifier,L1 Component,sub_domain_sequence Qualifier,Business Flow Component,business_flow_sequence Qualifier,sequence_uml Qualifier,Task Component,Task_sequence Qualifier,Application Component,correlation_id Qualifier,FK_Data[Application].CORRELATION_ID
em114j,Add,AT&T Business,Global Enterprise Sales,ADI,Buy,2,Contract Management,2,Contract Complete,2,ASOC ->> ROME: Connect to Opportunity ,Connect to Opportunity,1,ASOC,13540,13540
em114j,Add,AT&T Business,Global Enterprise Sales,ADI,Buy,2,Contract Management,2,Contract Complete,2,OVALS GIS ->> ROME: Connect to Opportunity ,Connect to Opportunity,1,OVALS GIS,19375,19375
em114j,Add,AT&T Business,Global Enterprise Sales,ADI,Buy,2,Contract Management,2,Contract Complete,2,"CPC ->> Sales Express: Connect for Standard Pricing
CPC ->> ASAP: Solution Creation & Qualification 
CPC ->> Salesforce: Solution Creation & Qualification ",Pricing and Create Solution,2,CPC,17765,17765
em114j,Add,AT&T Business,Global Enterprise Sales,ADI,Buy,2,Contract Management,2,Contract Complete,2,"IGLOO ->> Sales Express: Connect for Standard Access Pricing 
IGLOO ->> ASAP: Solution Creation & Qualification 
IGLOO ->> Salesforce: Solution Creation & Qualification",Pricing and Create Solution,2,(FED) - IGLOO,27567,27567
em114j,Add,AT&T Business,Global Enterprise Sales,ADI,Buy,2,Contract Management,2,Contract Complete,2,"UB - >>  CPC: Solution Creaton & Qualification
UB ->> IGLOO: Solution Creaton & Qualification",Pricing and Create Solution,2,UB,13792,13792
em114j,Add,AT&T Business,Global Enterprise Sales,ADI,Buy,2,Contract Management,2,Contract Complete,2,"ASF ->> BGW: Biller Setup for Contract
ASF ->> OVALS: Solution Creaton & Qualification
ASF ->> APS: Signature & Countersignature
ASF ->> APS: Generate Contract",Pricing and Create Solution,2,ASF,29572,29572
em114j,Add,AT&T Business,Global Enterprise Sales,ADI,Buy,2,Contract Management,2,Contract Complete,2,"MYPRICE ->>  CPC: Custom Pricer Engagement
MYPRICE ->> IGLOO: Custom Pricer Engagement
MYPRICE ->> ASAP_ADOPT: Custom Pricing",Create Custom Pricing,3,MyPrice,27226,27226
em114j,Add,AT&T Business,Global Enterprise Sales,ADI,Buy,2,Contract Management,2,Contract Complete,2,NEXXUS ->> ASAP_ADOPT: Custom Pricing,Create Custom Pricing,3,NEXXUS,30359,30359
em114j,Add,AT&T Business,Global Enterprise Sales,ADI,Buy,2,Contract Management,2,Contract Complete,2,"ROME ->> BGW/UB: Biller Setup for Contract
ROME ->> Sales Express : Link to Opportunity/Solution
ROME ->> ASAP_ADOPT:Link to Opportunity/Solution
ROME ->> ASF: Link to Opportunity/Solution
ROME ->> SSDF: signature & Countersignature
ROME ->> CPC: Custom Pricing
ROME ->> IGLOO: Custom Pricing",Setup Billing,4,ROME,14269,14269
em114j,Add,AT&T Business,Global Enterprise Sales,ADI,Buy,2,Contract Management,2,Contract Complete,2,"BGW ->> CADM: Biller Setup for Contract
BGW - >>  CPC: Solution Creaton & Qualification
BGW ->> IGLOO: Solution Creaton & Qualification",Setup Billing,4,BGW,14106,14106
em114j,Add,AT&T Business,Global Enterprise Sales,ADI,Buy,2,Contract Management,2,Contract Complete,2,CADM ->> UB: Biller Setup for Contract,Setup Billing,4,CADM,12997,12997
em114j,Add,AT&T Business,Global Enterprise Sales,ADI,Buy,2,Contract Management,2,Contract Complete,2,"ADOPT ->> BGW: Biller Setup for Contract
ADOPT ->> ROME: Signature & Countersignature
ADOPT ->> SSDF: Generate Contract",Generate Contract,5,ADOPT,14377,14377
em114j,Add,AT&T Business,Global Enterprise Sales,ADI,Buy,2,Contract Management,2,Contract Complete,2,"SSDF ->> ESIGN: Signature & Countersignature 
SSDF ->> CPC: Generate Contract
SSDF ->> IGLOO: Generate Contract",Generate Contract,5,SSDF,23007,23007
em114j,Add,AT&T Business,Global Enterprise Sales,ADI,Buy,2,Contract Management,2,Contract Complete,2,"APS ->> ESIGN: Signature & Countersignature
APS ->>  CPC: Generate Contract 
APS ->> IGLOO: Generate Contract",Generate Contract,5,APS,31170,31170
em114j,Add,AT&T Business,Global Enterprise Sales,ADI,Buy,2,Contract Management,2,Contract Complete,2,"Sales Express ->> BGW: Biller Setup for Contract
Sales Express ->> CSI-Qual: Solution Creation & Qualification
Sales Express ->>ASOC: Solution Creation & Qualification
Sales Express ->> ROME: Signature & Countersignature
Sales Express ->> SSDF: Generate Contract",Finalize Solution & Contract ,6,Sales Express,22787,22787
em114j,Add,AT&T Business,Global Enterprise Sales,ADI,Buy,2,Contract Management,2,Contract Complete,2,,Finalize Solution & Contract ,6,DATARTR,22597,22597
em114j,Add,AT&T Business,Global Enterprise Sales,ADI,Buy,2,Contract Management,2,Contract Complete,2,,Finalize Solution & Contract ,6,C-BUS,12654,12654
em114j,Add,AT&T Business,Global Enterprise Sales,ADI,Buy,2,Contract Management,2,Contract Complete,2,,Finalize Solution & Contract ,6,AT&T-Power BI,28605,28605
em114j,Add,AT&T Business,Global Enterprise Sales,ADI,Buy,2,Contract Management,2,Contract Complete,2,,Finalize Solution & Contract ,6,EIS,26683,26683
em114j,Add,AT&T Business,Global Enterprise Sales,ADI,Buy,2,Contract Management,2,Contract Complete,2,"ASAP ->> CSI-Qual: Solution Creation & Qualification
ASAP ->> ASOC: Solution Creation & Qualification
ASAP ->> EDF: Write Solution to EDF
ASAP ->> ROME: Engage Custom Group",Qualify & Record Solution,6,ASAP,12987,12987
em114j,Add,AT&T Business,Global Enterprise Sales,ADI,Buy,2,Contract Management,2,Contract Complete,2,"DOCVIEWER ->> Sales Express: Load Signed Contract to Repository
DOCVIEWER ->> ADOPT: Load Signed Contract to Repository",Save Contract,7,DOCVIEWER,13662,13662
em114j,Add,AT&T Business,Global Enterprise Sales,ADI,Buy,2,Contract Management,2,Contract Complete,2,"ESIGN ->> CPC: Link to Solution
ESIGN ->> IGLOO: Link to Solution ",Link to Solution,8,ESIGN,14038,14038
em114j,Add,AT&T Business,Global Enterprise Sales,ADI,Buy,2,Contract Management,2,Contract Complete,2,"EDF ->> CPC: Custom Pricing
EDF ->> IGLOO: Custom Pricing
EDF ->> Sales Express: Generate Contract
EDF ->> ADOPT: Generate Contract
EDF ->> ASF: Generate Contract",Create Custom Pricing,3,EDF,23718,23718
em114j,Add,AT&T Business,Global Enterprise Sales,OAH,Buy,2,Contract Management,2,Contract Complete,1,,Generate contract PDF,1,ASF,29572,29572
em114j,Add,AT&T Business,Global Enterprise Sales,OAH,Buy,2,Contract Management,2,Contract Complete,1,,Navigate to contract page,2,ASF,29572,29572
em114j,Add,AT&T Business,Global Enterprise Sales,ABF,Buy,2,Contract Management,2,Contract Complete,2,,Generate Contract & Signature,1,ASF,29572,29572
em114j,Add,AT&T Business,Global Enterprise Sales,ABF,Buy,2,Contract Management,2,Contract Complete,2,,Order Sales request,2,ASF,29572,29572
em114j,Add,AT&T Business,Global Enterprise Sales,ABF,Buy,2,Contract Management,2,Contract Complete,2,,Capture Customer initiated Order,3,ATTeBiz,23015,23015
em114j,Add,AT&T Business,Global Enterprise Sales,ABF,Buy,2,Contract Management,2,Contract Complete,2,,Create E-Sales Order,4,ASF,29572,29572
em114j,Add,AT&T Business,Global Enterprise Sales,ABF,Buy,2,Contract Management,2,Contract Complete,2,,Submit E-Sales Order,5,ASF,29572,29572
em114j,Add,AT&T Business,Global Enterprise Sales,ABF,Buy,2,Contract Management,2,Contract Complete,2,,Manage DD & Order Details,6,ASF,29572,29572
em114j,Add,AT&T Business,Service Delivery,ADI,Get,2,Design Management,4,Design Complete,6,,Access Order,1,ACMS - SPECIALS,12672,12672
em114j,Add,AT&T Business,Service Delivery,ADI,Get,2,Design Management,4,Design Complete,6,"ACMS ->> PED 
ACMS ->> TIRKS
ACMS ->> EXACT
ACMS ->> TSNOW",Access Order,1,ACMS,25938,25938
em114j,Add,AT&T Business,Service Delivery,ADI,Get,2,Design Management,4,Design Complete,6,,Access Order,1,BPP-ADT/ATW,13346,13346
em114j,Add,AT&T Business,Service Delivery,ADI,Get,2,Design Management,4,Design Complete,6,,Access Order,1,BPP - FACILITY,13003,13003
em114j,Add,AT&T Business,Service Delivery,ADI,Get,2,Design Management,4,Design Complete,6,,Access Order,1,CANOPI,16994,16994
em114j,Add,AT&T Business,Service Delivery,ADI,Get,2,Design Management,4,Design Complete,6,,Access Order,1,DCS,13804,13804
em114j,Add,AT&T Business,Service Delivery,ADI,Get,2,Design Management,4,Design Complete,6,EFMS ->> ACMS: Access Order,Access Order,1,EFMS,13537,13537
em114j,Add,AT&T Business,Service Delivery,ADI,Get,2,Design Management,4,Design Complete,6,,Access Order,1,EXMGR,9325,9325
em114j,Add,AT&T Business,Service Delivery,ADI,Get,2,Design Management,4,Design Complete,6,,Access Order,1,MARS,351,351
em114j,Add,AT&T Business,Service Delivery,ADI,Get,2,Design Management,4,Design Complete,6,,Access Order,1,MDLRS,12765,12765
em114j,Add,AT&T Business,Service Delivery,ADI,Get,2,Design Management,4,Design Complete,6,,Access Order,1,NISE-CORE,12653,12653
em114j,Add,AT&T Business,Service Delivery,ADI,Get,2,Design Management,4,Design Complete,6,,Access Order,1,NISE-WFM,19835,19835
em114j,Add,AT&T Business,Service Delivery,ADI,Get,2,Design Management,4,Design Complete,6,,Access Order,1,OCS-SS,13758,13758
em114j,Add,AT&T Business,Service Delivery,ADI,Get,2,Design Management,4,Design Complete,6,,Access Order,1,OMX,22011,22011
em114j,Add,AT&T Business,Service Delivery,ADI,Get,2,Design Management,4,Design Complete,6,,Access Order,1,(FED) - OMX,24233,24233
em114j,Add,AT&T Business,Service Delivery,ADI,Get,2,Design Management,4,Design Complete,6,,Access Order,1,PED,21386,21386
em114j,Add,AT&T Business,Service Delivery,ADI,Get,2,Design Management,4,Design Complete,6,,Access Order,1,POCITS,13811,13811
em114j,Add,AT&T Business,Service Delivery,ADI,Get,2,Design Management,4,Design Complete,6,SOTS ->> ACMS: Access Order,Access Order,1,SOTS,13853,13853
em114j,Add,AT&T Business,Service Delivery,ADI,Get,2,Design Management,4,Design Complete,6,,Access Order,1,TIRKS,595,595
em114j,Add,AT&T Business,Service Delivery,ADI,Get,2,Design Management,4,Design Complete,6,OCX ->> ACMS: Access Order,Access Order,1,OCX,23326,23326
em114j,Add,AT&T Business,Service Delivery,ADI,Get,2,Design Management,4,Design Complete,6,,Access Order,1,AERO,21607,21607
em114j,Add,AT&T Business,Service Delivery,ADI,Get,2,Design Management,4,Design Complete,6,,Access Order,1,EDF,23718,23718
em114j,Add,AT&T Business,Service Delivery,ADI,Get,2,Design Management,4,Design Complete,6,"USRP ->> SOTS: Workflow Mgmt
USRP ->> OCX: Workflow Mgmt
USRP ->> EFMS: Workflow Mgmt",Manage Workflow,2,USRP,13703,13703
em114j,Add,AT&T Business,Service Delivery,ADI,Get,2,Design Management,4,Design Complete,6,,Manage Workflow,2,R3:LAPS,26121,26121
em114j,Add,AT&T Business,Service Delivery,ADI,Get,2,Design Management,4,Design Complete,6,,Manage Workflow,2,CS WFBPM,22097,22097
em114j,Add,AT&T Business,Service Delivery,ADI,Get,2,Design Management,4,Design Complete,6,,Manage Workflow,2,GRETA,2027,2027
em114j,Add,AT&T Business,Service Delivery,ADI,Get,2,Design Management,4,Design Complete,6,,Manage Workflow,2,ICORE,18276,18276
em114j,Add,AT&T Business,Service Delivery,ADI,Get,2,Design Management,4,Design Complete,6,,Manage Workflow,2,NC3,13200,13200
em114j,Add,AT&T Business,Service Delivery,ADI,Get,2,Design Management,4,Design Complete,6,,Manage Workflow,2,UTMS,27213,27213
em114j,Add,AT&T Business,Service Delivery,ABF,Get,3,Order Management ,1,Design Complete,6,,Design,21,AERO,21607,21607
em114j,Add,AT&T Business,Service Delivery,ASE,Get,3,Provisioning Management ,2,Design Complete,5,,Validate Service Availabilit,1,CANOPI,16994,16994
em114j,Add,AT&T Business,Service Delivery,ASE,Get,3,Provisioning Management ,2,Design Complete,5,,Return Avaliability Validation Results,2,CANOPI,16994,16994
em114j,Add,AT&T Business,Service Delivery,ASE,Get,3,Provisioning Management ,2,Design Complete,5,,Create Order,3,CANOPI,16994,16994
em114j,Add,AT&T Business,Service Delivery,ASE,Get,3,Provisioning Management ,2,Design Complete,5,,Route Design Fallouts for Remediation,4,CANOPI,16994,16994
em114j,Add,AT&T Business,Service Delivery,ASE,Get,3,Provisioning Management ,2,Design Complete,5,,Route Order Fallouts for Remediation,5,AERO,21607,21607
em114j,Add,AT&T Business,Service Delivery,ASE,Get,3,Provisioning Management ,2,Design Complete,5,,Return Remediated Fallout Results,6,CANOPI,16994,16994
em114j,Add,AT&T Business,Business Field Services,ADI,Get,3,Provisioning Management,2,Dispatch,1,,Order Dispatch,1,EDF,23718,23718
em114j,Add,AT&T Business,Business Field Services,ADI,Get,3,Provisioning Management,2,Dispatch,1,,Order Dispatch,1,AERO,21607,21607
em114j,Add,AT&T Business,Business Field Services,ADI,Get,3,Provisioning Management,2,Dispatch,1,,Order Dispatch,1,EXMGR,9325,9325
em114j,Add,AT&T Business,Business Field Services,ADI,Get,3,Provisioning Management,2,Dispatch,1,,Order Dispatch,1,EDGE,19062,19062
em114j,Add,AT&T Business,Business Field Services,ADI,Get,3,Provisioning Management,2,Dispatch,1,,Order Dispatch,1,EFMS,13537,13537
em114j,Add,AT&T Business,Business Field Services,ADI,Get,3,Provisioning Management,2,Dispatch,1,,Order Dispatch,1,GRID-AC,22510,22510
em114j,Add,AT&T Business,Business Field Services,ADI,Get,3,Provisioning Management,2,Dispatch,1,,Order Dispatch,1,INSTAR,13672,13672
em114j,Add,AT&T Business,Business Field Services,ADI,Get,3,Provisioning Management,2,Dispatch,1,,Order Dispatch,1,OCX,23326,23326
em114j,Add,AT&T Business,Business Field Services,ADI,Get,3,Provisioning Management,2,Dispatch,1,,Order Dispatch,1,(FED) - OCX,24336,24336
em114j,Add,AT&T Business,Business Field Services,ADI,Get,3,Provisioning Management,2,Dispatch,1,,Order Dispatch,1,(FED) - OMX,24233,24233
em114j,Add,AT&T Business,Business Field Services,ADI,Get,3,Provisioning Management,2,Dispatch,1,,Order Dispatch,1,USRP,13703,13703
em114j,Add,AT&T Business,Business Field Services,ADI,Get,3,Provisioning Management,2,Dispatch,1,,Order Dispatch,1,R3:SG,22448,22448
em114j,Add,AT&T Business,Business Field Services,ADI,Get,3,Provisioning Management,2,Dispatch,1,,Order Dispatch,1,ACMS,25938,25938
em114j,Add,AT&T Business,Business Field Services,ADI,Get,3,Provisioning Management,2,Dispatch,1,,Order Dispatch,1,SOTS,13853,13853
em114j,Add,AT&T Business,Business Field Services,ADI,Get,3,Provisioning Management,2,Dispatch,1,Dispatch Task Handler,Handle Dispatch Tasks,2,FORCE-DCOE,19705,19705
em114j,Add,AT&T Business,Business Field Services,ADI,Get,3,Provisioning Management,2,Dispatch,1,Dispatch Task Handler,Handle Dispatch Tasks,2,GRETA,2027,2027
em114j,Add,AT&T Business,Business Field Services,ADI,Get,3,Provisioning Management,2,Dispatch,1,Dispatch Task Handler,Handle Dispatch Tasks,2,WFA/C,641,641
em114j,Add,AT&T Business,Service Delivery,ABF,Get,3,Provisioning Management ,2,Dispatch,8,,Initiate Dispatch Request from Service Delivery Provisioning,1,TIRKS,595,595
em114j,Add,AT&T Business,Service Delivery,ABF,Get,3,Provisioning Management ,2,Dispatch,8,,Route Dispatch Request for Workforce Handling,2,TIRKS,595,595
em114j,Add,AT&T Business,Service Delivery,ABF,Get,3,Provisioning Management ,2,Dispatch,8,,Dispatch Work Order to Field Systems,3,TIRKS,595,595
em114j,Add,AT&T Business,Service Delivery,ABF,Get,3,Provisioning Management ,2,Dispatch,8,,Provide Network & Service Context for Dispatch Execution,4,TIRKS,595,595
em114j,Add,AT&T Business,Service Delivery,ABF,Get,3,Provisioning Management ,2,Dispatch,8,,Reference Network Inventory for Dispatch Alignment,5,TIRKS,595,595
em114j,Add,AT&T Business,Service Delivery,ABF,Get,3,Provisioning Management ,2,Dispatch,8,,Trigger Provisioning Fallout Handling if Dispatch Fails,6,WFA/C,641,641
em114j,Add,AT&T Business,Service Delivery,ABF,Get,3,Provisioning Management ,2,Dispatch,8,,Escalate provisioning fallout ,7,WFA/C,641,641
em114j,Add,AT&T Business,Service Delivery,ABF,Get,3,Provisioning Management ,2,Dispatch,8,,Handle fallout through guided process flows ,8,WFA/C,641,641
em114j,Add,AT&T Business,Service Delivery,ABF,Get,3,Provisioning Management ,2,Dispatch,8,,Log fallout resolution activity ,9,WFA/C,641,641
em114j,Add,AT&T Business,Service Delivery,ABF,Get,3,Provisioning Management ,2,Dispatch,8,,Close fallout actions and exceptions ,10,WFA/C,641,641
em114j,Add,AT&T Business,Service Delivery,ASE,Get,3,Order Management ,1,Manage Service Order,4,,Initiate Service Order Creation,1,ROME,14269,14269
em114j,Add,AT&T Business,Service Delivery,ASE,Get,3,Order Management ,1,Manage Service Order,4,,Issue Service Order,2,ARIS/EXACT,224,224
em114j,Add,AT&T Business,Service Delivery,ASE,Get,3,Order Management ,1,Manage Service Order,4,,Create ASR/PSR,3,ARIS/EXACT,224,224
em114j,Add,AT&T Business,Service Delivery,ASE,Get,3,Order Management ,1,Manage Service Order,4,,Generate Service Order Record (SOR),4,ARIS/EXACT,224,224
em114j,Add,AT&T Business,Service Delivery,ASE,Get,3,Order Management ,1,Manage Service Order,4,,Submit Service Order to TIRKS,5,CANOPI,16994,16994
em114j,Add,AT&T Business,Service Delivery,ASE,Get,3,Order Management ,1,Manage Service Order,4,,Submit Service Order to WFA,6,CANOPI,16994,16994
em114j,Add,AT&T Business,Digital Experience,ABF,Learn,1,Sales Activity Management ,4,New Customer Order,1,,Browse ATTCOM,1,ATTeBiz,23015,23015
em114j,Add,AT&T Business,Digital Experience,ABF,Learn,1,Sales Activity Management ,4,New Customer Order,1,,Sign in,2,ATTeBiz,23015,23015
em114j,Add,AT&T Business,Digital Experience,ABF,Learn,1,Sales Activity Management ,4,New Customer Order,1,,Sign up,3,ATTeBiz,23015,23015
em114j,Add,AT&T Business,Digital Experience,ABF,Learn,1,Sales Activity Management ,4,New Customer Order,1,,Verify Business Info,4,ATTeBiz,23015,23015
em114j,Add,AT&T Business,Digital Experience,ABF,Learn,1,Sales Activity Management ,4,New Customer Order,1,,Check Service Availability,5,ATTeBiz,23015,23015
em114j,Add,AT&T Business,Digital Experience,ABF,Learn,1,Sales Activity Management ,4,New Customer Order,1,,Select Fiber Speed,6,ATTeBiz,23015,23015
em114j,Add,AT&T Business,Digital Experience,ABF,Learn,1,Sales Activity Management ,4,New Customer Order,1,,Select Add-Ons,7,ATTeBiz,23015,23015
em114j,Add,AT&T Business,Digital Experience,ABF,Learn,1,Sales Activity Management ,4,New Customer Order,1,,Explore Pricing,8,ATTeBiz,23015,23015
em114j,Add,AT&T Business,Digital Experience,ABF,Learn,1,Sales Activity Management ,4,New Customer Order,1,,"Review, Share and Save Cart Selections",9,ATTeBiz,23015,23015
em114j,Add,AT&T Business,Digital Experience,ABF,Learn,1,Sales Activity Management ,4,New Customer Order,1,,Initiate Credit Check,10,ATTeBiz,23015,23015
em114j,Add,AT&T Business,Digital Experience,ABF,Learn,1,Sales Activity Management ,4,New Customer Order,1,,Credit and Bill Preferences,11,ATTeBiz,23015,23015
em114j,Add,AT&T Business,Digital Experience,ABF,Learn,1,Sales Activity Management ,4,New Customer Order,1,,Create Passcode,12,ATTeBiz,23015,23015
em114j,Add,AT&T Business,Digital Experience,ABF,Learn,1,Sales Activity Management ,4,New Customer Order,1,,Review Order,13,ATTeBiz,23015,23015
em114j,Add,AT&T Business,Digital Experience,ABF,Learn,1,Sales Activity Management ,4,New Customer Order,1,,Accept Terms,14,ATTeBiz,23015,23015
em114j,Add,AT&T Business,Digital Experience,ABF,Learn,1,Sales Activity Management ,4,New Customer Order,1,,Receive Confirmation,15,ATTeBiz,23015,23015
em114j,Add,AT&T Business,Digital Experience,ABF,Learn,1,Sales Activity Management ,4,New Customer Order,1,,Setup payment and communication preferences,16,ATTeBiz,23015,23015
em114j,Add,AT&T Business,Digital Experience,ABF,Learn,1,Sales Activity Management ,4,New Customer Order,1,,View monthly bill,17,ATTeBiz,23015,23015
em114j,Add,AT&T Business,Digital Experience,ABF,Learn,1,Sales Activity Management ,4,New Customer Order,1,,Update Payment method,18,ATTeBiz,23015,23015
em114j,Add,AT&T Business,Digital Experience,ABF,Learn,1,Sales Activity Management ,4,New Customer Order,1,,Schedule Install,19,ATTeBiz,23015,23015
em114j,Add,AT&T Business,Digital Experience,ABF,Learn,1,Sales Activity Management ,4,New Customer Order,1,,Provide Installation Contact,20,ATTeBiz,23015,23015
em114j,Add,AT&T Business,Digital Experience,ABF,Learn,1,Sales Activity Management ,4,New Customer Order,1,,Confirm Install,21,ATTeBiz,23015,23015
em114j,Add,AT&T Business,Digital Experience,ABF,Learn,1,Sales Activity Management ,4,New Customer Order,1,,Complete appointment checklist,22,ATTeBiz,23015,23015
em114j,Add,AT&T Business,Digital Experience,ABF,Learn,1,Sales Activity Management ,4,New Customer Order,1,,myATT Registration,23,ATTeBiz,23015,23015
em114j,Add,AT&T Business,Digital Experience,ABF,Learn,1,Sales Activity Management ,4,New Customer Order,1,,Answer site readiness questions,24,ATTeBiz,23015,23015
em114j,Add,AT&T Business,Global Enterprise Sales,ADI,Learn,1,Sales Opportunity Management,7,Opportunity Create,1,,Initiate Opportunity,1,ROME,14269,14269
em114j,Add,AT&T Business,Global Enterprise Sales,ADI,Learn,1,Sales Opportunity Management,7,Opportunity Create,1,Sales Express ->> ROME: Integrated DPPCO,Initiate Opportunity,1,Sales Express,22787,22787
em114j,Add,AT&T Business,Global Enterprise Sales,ADI,Learn,1,Sales Opportunity Management,7,Opportunity Create,1,"CPC ->> Presales_SFDC
CPC ->> SalesExpress
CPC ->> ASF_Salesforce",Initiate Opportunity,1,CPC,17765,17765
em114j,Add,AT&T Business,Global Enterprise Sales,ADI,Learn,1,Sales Opportunity Management,7,Opportunity Create,1,ASF - >> ROME: Integrated DPPCO,Intake and Opportunity Validation,2,ASF,29572,29572
em114j,Add,AT&T Business,Global Enterprise Sales,ADI,Learn,1,Sales Opportunity Management,7,Opportunity Create,1,ARIS/EXACT ->> CPC: Exchange Access Control and Tracking Review,Intake and Opportunity Validation,2,ARIS/EXACT,224,224
em114j,Add,AT&T Business,Global Enterprise Sales,ADI,Learn,1,Sales Opportunity Management,7,Opportunity Create,1,FRVT ->> CPC: Fiber Routing and Virtualization Check,Intake and Opportunity Validation,2,FRVT,24444,24444
em114j,Add,AT&T Business,Global Enterprise Sales,ADI,Learn,1,Sales Opportunity Management,7,Opportunity Create,1,,Intake and Opportunity Validation,2,EIS,26683,26683
em114j,Add,AT&T Business,Global Enterprise Sales,ASE,Learn,1,Lead Management ,6,Opportunity Create,1,,Initiate Opportunity Creatioin and Launch Pricer-D,1,ASF,29572,29572
em114j,Add,AT&T Business,Global Enterprise Sales,ASE,Learn,1,Lead Management ,6,Opportunity Create,1,,Validate Product Selection,2,ASF,29572,29572
em114j,Add,AT&T Business,Global Enterprise Sales,OAH,Learn,1,Sales Opportunity Management ,7,Opportunity Create,1,,Select Oppty Type,1,ASF,29572,29572
em114j,Add,AT&T Business,Global Enterprise Sales,HSIA,Learn,1,Discovery Management ,8,Opportunity Create,1,,Create ABF Sales Opportunity,1,ASF,29572,29572
em114j,Add,AT&T Business,Global Enterprise Sales,ABF,Learn,1,Discovery Management ,8,Opportunity Create,1,,Qualify and Validate,2,ASF,29572,29572
em114j,Add,AT&T Business,Global Enterprise Sales,ABF,Learn,1,Discovery Management ,8,Opportunity Create,1,,Collect pricing feed daily ,3,ASF,29572,29572
em114j,Add,AT&T Business,Global Enterprise Sales,HSIA,Learn,1,Discovery Management ,8,Opportunity Create,1,,Add HSIA Opportunity,4,ASF,29572,29572
em114j,Add,AT&T Business,Global Enterprise Sales,ASE,Learn,1,Lead Management ,6,Opportunity Create,1,,Validate Service Address,3,ASF,29572,29572
em114j,Add,AT&T Business,Global Enterprise Sales,ASE,Learn,1,Lead Management ,6,Opportunity Create,1,,Engage NSS for Access Evaluation,4,ASF,29572,29572
em114j,Add,AT&T Business,Global Enterprise Sales,ASE,Learn,1,Lead Management ,6,Opportunity Create,1,,Request Contracting Support,5,ASF,29572,29572
em114j,Add,AT&T Business,Global Enterprise Sales,ASE,Learn,1,Lead Management ,6,Opportunity Create,1,,Initiate Contract Generation and Signature,6,ASF,29572,29572
em114j,Add,AT&T Business,Global Enterprise Sales,ASE,Learn,1,Lead Management ,6,Opportunity Create,1,,Send Contract for Electronic Signature,7,ASF,29572,29572
em114j,Add,AT&T Business,Global Enterprise Sales,ASE,Learn,1,Lead Management ,6,Opportunity Create,1,,Return Executed Contract,8,ASF,29572,29572
em114j,Add,AT&T Business,Global Enterprise Sales,HSIA,Buy,2,Pricing Management ,5,Opportunity Create,1,,Pricing and Contracting,5,ASF,29572,29572
em114j,Add,AT&T Business,Global Enterprise Sales,HSIA,Buy,2,Pricing Management ,5,Opportunity Create,1,,Pre-Qualify,6,ASF,29572,29572
em114j,Add,AT&T Business,Global Enterprise Sales,HSIA,Buy,2,Proposal Management ,6,Opportunity Create,1,,Qualify and Validate,7,ASF,29572,29572
em114j,Add,AT&T Business,Global Enterprise Sales,OAH,Buy,2,Sales Order Management ,3,Order Complete,5,,Create suborder,1,ASF,29572,29572
em114j,Add,AT&T Business,Global Enterprise Sales,OAH,Buy,2,Proposal Management ,6,Proposal Create,3,,Select proposal type,1,ASF,29572,29572
em114j,Add,AT&T Business,Global Enterprise Sales,OAH,Buy,2,Proposal Management ,6,Proposal Create,3,,Email proposal,2,ASF,29572,29572
em114j,Add,AT&T Business,Service Delivery,ADI,Get,3,Provisioning Management,2,Provisioning Complete,7,,Pull Sales Order Data ,1,EFMS,13537,13537
em114j,Add,AT&T Business,Service Delivery,ADI,Get,3,Provisioning Management,2,Provisioning Complete,7,,Pull Sales Order Data ,1,GRETA,2027,2027
em114j,Add,AT&T Business,Service Delivery,ADI,Get,3,Provisioning Management,2,Provisioning Complete,7,,Pull Sales Order Data ,1,ICORE,18276,18276
em114j,Add,AT&T Business,Service Delivery,ADI,Get,3,Provisioning Management,2,Provisioning Complete,7,,Pull Sales Order Data ,1,OCS-SS,13758,13758
em114j,Add,AT&T Business,Service Delivery,ADI,Get,3,Provisioning Management,2,Provisioning Complete,7,EDF ->> OCX: Pull Sales Order Data,Pull Sales Order Data ,1,EDF,23718,23718
em114j,Add,AT&T Business,Service Delivery,ADI,Get,3,Provisioning Management,2,Provisioning Complete,7,OCX ->>USRP: Service Order Submitted,Submit Service Order,1,OCX,23326,23326
em114j,Add,AT&T Business,Service Delivery,ADI,Get,3,Provisioning Management,2,Provisioning Complete,7,,Initiate Service Order Provisioning,2,ARIS/EXACT,224,224
em114j,Add,AT&T Business,Service Delivery,ADI,Get,3,Provisioning Management,2,Provisioning Complete,7,,Initiate Service Order Provisioning,2,BPP-ADT/ATW,13346,13346
em114j,Add,AT&T Business,Service Delivery,ADI,Get,3,Provisioning Management,2,Provisioning Complete,7,,Initiate Service Order Provisioning,2,BPP - FACILITY,13003,13003
em114j,Add,AT&T Business,Service Delivery,ADI,Get,3,Provisioning Management,2,Provisioning Complete,7,,Initiate Service Order Provisioning,2,CANOPI,16994,16994
em114j,Add,AT&T Business,Service Delivery,ADI,Get,3,Provisioning Management,2,Provisioning Complete,7,,Initiate Service Order Provisioning,2,CNI CPT,13333,13333
em114j,Add,AT&T Business,Service Delivery,ADI,Get,3,Provisioning Management,2,Provisioning Complete,7,"USRP->>SOTS: Service Order Subitted
USRP->>EFMS-A: Port Assignment, USO, Ckt ID
USRP->>EFMS-W: Order Provisioning workflow management
USRP->>OMX: Digital Notifications
USRP->>OMX: OMX Scheduler
USRP->>OMX-UTH: Order Provisioning Workflow Management
USRP->>CANOPI: Order Provisioning Workflow Management
USRP->>TIRKS: Order Provisioning Workflow Management
USRP->>POCITS: Order Provisioning Workflow Management
USRP->>GRETA: Order Provisioning Workflow Management
USRP->>PED: Order Provisioning Workflow Management",Initiate Service Order Provisioning,2,USRP,13703,13703
em114j,Add,AT&T Business,Service Delivery,ADI,Get,3,Provisioning Management,2,Provisioning Complete,7,,Initiate Service Order Provisioning,2,DCS,13804,13804
em114j,Add,AT&T Business,Service Delivery,ADI,Get,3,Provisioning Management,2,Provisioning Complete,7,"BGW ->> UB
BGW ->> OMX-UTH: Order Provisioning Workflow Management
BGW ->> CANOPI: Order Provisioning Workflow Management
BGW ->> TIRKS: Order Provisioning Workflow Management
BGW ->> POCITS: Order Provisioning Workflow Management
BGW ->> GRETA: Order Provisioning Workflow Management
BGW ->> PED: Order Provisioning Workflow Management",Manage Order Provisioining,3,BGW,14106,14106
em114j,Add,AT&T Business,Service Delivery,ADI,Get,3,Provisioning Management,2,Provisioning Complete,7,"OMX ->> OMX-UTH: Order Provisioning Workflow Management
OMX ->> CANOPI: Order Provisioning Workflow Management
OMX ->> TIRKS: Order Provisioning Workflow Management
OMX ->> POCITS: Order Provisioning Workflow Management
OMX ->> GRETA: Order Provisioning Workflow Management
OMX ->> PED: Order Provisioning Workflow Management",Manage Order Provisioining ,3,OMX,22011,22011
em114j,Add,AT&T Business,Service Delivery,ADI,Get,3,Provisioning Management,2,Provisioning Complete,7,,Manage Order Provisioining ,3,(FED) - OMX,24233,24233
em114j,Add,AT&T Business,Service Delivery,ADI,Get,3,Provisioning Management,2,Provisioning Complete,7,,Manage Order Provisioining ,3,PED,21386,21386
em114j,Add,AT&T Business,Service Delivery,ADI,Get,3,Provisioning Management,2,Provisioning Complete,7,,Manage Order Provisioining ,3,SOTS,13853,13853
em114j,Add,AT&T Business,Service Delivery,ADI,Get,3,Provisioning Management,2,Provisioning Complete,7,,Manage Order Provisioining ,3,TIRKS,595,595
em114j,Add,AT&T Business,Service Delivery,ADI,Get,3,Provisioning Management,2,Provisioning Complete,7,,Manage Order Provisioining ,3,TSNOW-GUI,12555,12555
em114j,Add,AT&T Business,Service Delivery,ADI,Get,3,Provisioning Management,2,Provisioning Complete,7,,Manage Order Provisioining ,3,TSNOW-OSDSI,19840,19840
em114j,Add,AT&T Business,Service Delivery,ADI,Get,3,Provisioning Management,2,Provisioning Complete,7,,Manage Order Provisioining ,3,WFA/C,641,641
em114j,Add,AT&T Business,Service Delivery,ADI,Get,3,Provisioning Management,2,Provisioning Complete,7,,Manage Order Provisioining ,3,CS WFBPM,22097,22097
em114j,Add,AT&T Business,Service Delivery,ADI,Get,3,Provisioning Management,2,Provisioning Complete,7,,Manage Order Provisioining ,3,UTMS,27213,27213
em114j,Add,AT&T Business,Service Delivery,ADI,Get,3,Provisioning Management,2,Provisioning Complete,7,,Manage Order Provisioining ,3,NC3,13200,13200
em114j,Add,AT&T Business,Service Delivery,ADI,Get,3,Provisioning Management,2,Provisioning Complete,7,,Manage Order Provisioining ,3,R3:SG,22448,22448
em114j,Add,AT&T Business,Service Delivery,ADI,Get,3,Provisioning Management,2,Provisioning Complete,7,,Manage Order Provisioining ,3,FORCE-DCOE,19705,19705
em114j,Add,AT&T Business,Service Delivery,ASE,Get,3,Provisioning Management ,2,Provisioning Complete ,6,,Initiate Build and Completion Workflow Order Orchestration,1,PED,21386,21386
em114j,Add,AT&T Business,Service Delivery,ASE,Get,3,Provisioning Management ,2,Provisioning Complete ,6,,Initiate Build and Completion Workflow Order Network Design,2,PED,21386,21386
em114j,Add,AT&T Business,Service Delivery,ASE,Get,3,Provisioning Management ,2,Provisioning Complete ,6,,Manage Order Workflow (Design Driven),3,CANOPI,16994,16994
em114j,Add,AT&T Business,Service Delivery,ASE,Get,3,Provisioning Management ,2,Provisioning Complete ,6,,Manage Order Workflow (Order-Flow Driven),4,CANOPI,16994,16994
em114j,Add,AT&T Business,Service Delivery,ASE,Get,3,Provisioning Management ,2,Provisioning Complete ,6,,Manage Order Workflow (Network Driven),5,CANOPI,16994,16994
em114j,Add,AT&T Business,Service Delivery,ASE,Get,3,Provisioning Management ,2,Provisioning Complete ,6,,Execute Provisioning Management,6,CANOPI,16994,16994
em114j,Add,AT&T Business,Service Delivery,ASE,Get,3,Provisioning Management ,2,Provisioning Complete ,6,,Update Circuit Info in Network Sys Legacy Inventory,7,EFMS,13537,13537
em114j,Add,AT&T Business,Service Delivery,ASE,Get,3,Provisioning Management ,2,Provisioning Complete ,6,,Update Circuit Info in Network Sys Core Inventory,8,EFMS,13537,13537
em114j,Add,AT&T Business,Service Delivery,ABF,Get,3,Provisioning Management ,2,Provisioning Complete ,7,,Convert Sales Order to Service Delivery,1,BBW,29333,29333
em114j,Add,AT&T Business,Service Delivery,ABF,Get,3,Provisioning Management ,2,Provisioning Complete ,7,,Capture Customer Direct Service Order,2,ATTeBiz,23015,23015
em114j,Add,AT&T Business,Service Delivery,ABF,Get,3,Provisioning Management ,2,Provisioning Complete ,7,,Capture Mobility Customer Direct Service Order,3,OPUS - C,18257,18257
em114j,Add,AT&T Business,Service Delivery,ABF,Get,3,Provisioning Management ,2,Provisioning Complete ,7,,Submit Sellers Direct Service Order,4,LS CRM,10056,10056
em114j,Add,AT&T Business,Service Delivery,ABF,Get,3,Provisioning Management ,2,Provisioning Complete ,7,,Assign Ordering and CPE Assignment/ DD Details,5,LS CRM,10056,10056
em114j,Add,AT&T Business,Service Delivery,ABF,Get,3,Provisioning Management ,2,Provisioning Complete ,7,,Pass Order Notification,6,LS-OMS,10038,10038
em114j,Add,AT&T Business,Service Delivery,ABF,Get,3,Provisioning Management ,2,Provisioning Complete ,7,,"Notify E911, Directory, and CID Updates",7,LS-OMS,10038,10038
em114j,Add,AT&T Business,Service Delivery,ABF,Get,3,Provisioning Management ,2,Provisioning Complete ,7,,Provision Service Resources,8,TIRKS,595,595
em114j,Add,AT&T Business,Service Delivery,ABF,Get,3,Provisioning Management ,2,Provisioning Complete ,7,,Update Network Inventory,9,EDF,23718,23718
em114j,Add,AT&T Business,Service Delivery,ABF,Get,3,Provisioning Management ,2,Provisioning Complete ,7,,Update Network Inventory,10,CANOPI,16994,16994
em114j,Add,AT&T Business,Service Delivery,ABF,Get,3,Provisioning Management ,2,Provisioning Complete ,7,,Update Service Inventory,11,G2,10417,10417
em114j,Add,AT&T Business,Service Delivery,ABF,Get,3,Provisioning Management ,2,Provisioning Complete ,7,,Trigger Provisioning Fallout Handling,12,BBNMS-LS,16188,16188
em114j,Add,AT&T Business,Service Delivery,ABF,Get,3,Provisioning Management ,2,Provisioning Complete ,7,,Load Billing Data after Contract Signature,13,Pricer-D,22015,22015
em114j,Add,AT&T Business,Service Delivery,ABF,Get,3,Provisioning Management ,2,Provisioning Complete ,7,,Pass Order Notification for Billing Setup,14,LS-OMS,10038,10038
em114j,Add,AT&T Business,Service Delivery,ABF,Get,3,Provisioning Management ,2,Provisioning Complete ,7,,Create Billing Account & Setup Records,15,TIRKS,595,595
em114j,Add,AT&T Business,Service Delivery,ABF,Get,3,Provisioning Management ,2,Provisioning Complete ,7,,Trigger Billing Activation,16,UB,13792,13792
em114j,Add,AT&T Business,Service Delivery,ABF,Get,3,Provisioning Management ,2,Provisioning Complete ,7,,Distribute Inventory Data to Service Delievery Ordering,17,BBNMS-LS,16188,16188
em114j,Add,AT&T Business,Service Delivery,ABF,Get,3,Provisioning Management ,2,Provisioning Complete ,7,,Distribute Inventory Data to Service Delievery Provisioning,18,BBNMS-LS,16188,16188
em114j,Add,AT&T Business,Global Enterprise Sales,OAH,Buy,2,Pricing Management ,5,Quote,2,,Click quick link tab,1,ASF,29572,29572
em114j,Add,AT&T Business,Global Enterprise Sales,OAH,Buy,2,Pricing Management ,5,Quote,2,,Create quote,2,ASF,29572,29572
em114j,Add,AT&T Business,Global Enterprise Sales,OAH,Buy,2,Pricing Management ,5,Quote,2,,Select OH product,3,ASF,29572,29572
em114j,Add,AT&T Business,Global Enterprise Sales,OAH,Buy,2,Pricing Management ,5,Quote,2,,Select contract term,4,ASF,29572,29572
em114j,Add,AT&T Business,Global Enterprise Sales,OAH,Buy,2,Pricing Management ,5,Quote,2,,Enter quantity,5,ASF,29572,29572
em114j,Add,AT&T Business,Global Enterprise Sales,OAH,Buy,2,Pricing Management ,5,Quote,2,,Configure equipment and shipping,6,ASF,29572,29572
em114j,Add,AT&T Business,Global Enterprise Sales,OAH,Buy,2,Pricing Management ,5,Quote,2,,Select edition,7,ASF,29572,29572
em114j,Add,AT&T Business,Global Enterprise Sales,OAH,Buy,2,Pricing Management ,5,Quote,2,,Select equipment brand,8,ASF,29572,29572
em114j,Add,AT&T Business,Global Enterprise Sales,OAH,Buy,2,Pricing Management ,5,Quote,2,,Select equipment type,9,ASF,29572,29572
em114j,Add,AT&T Business,Global Enterprise Sales,OAH,Buy,2,Pricing Management ,5,Quote,2,,Enter equipment quantity,10,ASF,29572,29572
em114j,Add,AT&T Business,Global Enterprise Sales,OAH,Buy,2,Pricing Management ,5,Quote,2,,Add items to cart summary,11,ASF,29572,29572
em114j,Add,AT&T Business,Global Enterprise Sales,ADI,Buy,2,Sales Order Management,2,Sales Order Create,3,EDF ->>OCX: Inform OMX of Order,Validate Contract & Data ,1,EDF,23718,23718
em114j,Add,AT&T Business,Global Enterprise Sales,ADI,Buy,2,Sales Order Management,2,Sales Order Create,3,"ADOPT->>SSDF:Search Contract 
ADOPT ->> EDF: Enter and Validate Additional Data
ADOPT ->> EDF: Load Solution to EDF
ADOPT ->> IGLOO: Enter and Validate Additional Data",Validate Contract & Data ,1,ADOPT,14377,14377
em114j,Add,AT&T Business,Global Enterprise Sales,ADI,Buy,2,Sales Order Management,2,Sales Order Create,3,,Validate Contract & Data ,1,SSDF,23007,23007
em114j,Add,AT&T Business,Global Enterprise Sales,ADI,Buy,2,Sales Order Management,2,Sales Order Create,3,"SalesExpress ->> SSDF:Search Contract 
SalesExpress ->> EDF: Enter and Validate Additional Data  
SalesExpress ->> IGLOO: Enter and Validate Additional Data",Validate Contract & Data ,1,Sales Express,22787,22787
em114j,Add,AT&T Business,Global Enterprise Sales,ADI,Buy,2,Sales Order Management,2,Sales Order Create,3,,Validate Contract & Data ,1,OCX,23326,23326
em114j,Add,AT&T Business,Global Enterprise Sales,ADI,Buy,2,Sales Order Management,2,Sales Order Create,3,,Validate Contract & Data ,1,(FED) - IGLOO,27567,27567
em114j,Add,AT&T Business,Global Enterprise Sales,ADI,Buy,2,Sales Order Management,2,Sales Order Create,3,"ASF ->> APS: Validate Contract
ASF ->> EDF: Enter and Validate Additional Data
ASF ->> IGLOO: Enter and Validate Additional Data
ASF ->> ATTCOMM: Flow to ServiceNow",Validate Contract & Data ,1,(FED) - OCX,24336,24336
em114j,Add,AT&T Business,Global Enterprise Sales,ADI,Buy,2,Sales Order Management,2,Sales Order Create,3,,Validate Contract & Data ,1,ROME,14269,14269
em114j,Add,AT&T Business,Global Enterprise Sales,ADI,Buy,2,Sales Order Management,2,Sales Order Create,3,,Validate Contract & Data ,1,ASOC,13540,13540
em114j,Add,AT&T Business,Global Enterprise Sales,ADI,Buy,2,Sales Order Management,2,Sales Order Create,3,,Validate Contract & Data ,1,DATARTR,22597,22597
em114j,Add,AT&T Business,Global Enterprise Sales,ADI,Buy,2,Sales Order Management,2,Sales Order Create,3,,Validate Contract & Data ,1,CPC,17765,17765
em114j,Add,AT&T Business,Global Enterprise Sales,ADI,Buy,2,Sales Order Management,2,Sales Order Create,3,,Validate Contract & Data ,1,ESIGN,14038,14038
em114j,Add,AT&T Business,Global Enterprise Sales,ADI,Buy,2,Sales Order Management,2,Sales Order Create,3,,Validate Contract & Data ,1,BGW,14106,14106
em114j,Add,AT&T Business,Global Enterprise Sales,ADI,Buy,2,Sales Order Management,2,Sales Order Create,3,,Validate Contract & Data ,1,CADM,12997,12997
em114j,Add,AT&T Business,Global Enterprise Sales,ADI,Buy,2,Sales Order Management,2,Sales Order Create,3,,Validate Contract & Data ,1,C-BUS,12654,12654
em114j,Add,AT&T Business,Global Enterprise Sales,ADI,Buy,2,Sales Order Management,2,Sales Order Create,3,,Validate Contract & Data ,1,DOCVIEWER,13662,13662
em114j,Add,AT&T Business,Global Enterprise Sales,ADI,Buy,2,Sales Order Management,2,Sales Order Create,3,,Validate Contract & Data ,1,MyPrice,27226,27226
em114j,Add,AT&T Business,Global Enterprise Sales,ADI,Buy,2,Sales Order Management,2,Sales Order Create,3,,Validate Contract & Data ,1,NEXXUS,30359,30359
em114j,Add,AT&T Business,Global Enterprise Sales,ADI,Buy,2,Sales Order Management,2,Sales Order Create,3,,Validate Contract & Data ,1,UB,13792,13792
em114j,Add,AT&T Business,Global Enterprise Sales,ADI,Buy,2,Sales Order Management,2,Sales Order Create,3,,Validate Contract & Data ,1,AT&T-Power BI,28605,28605
em114j,Add,AT&T Business,Global Enterprise Sales,ADI,Buy,2,Sales Order Management,2,Sales Order Create,3,,Validate Contract & Data ,1,EFMS,13537,13537
em114j,Add,AT&T Business,Global Enterprise Sales,ADI,Buy,2,Sales Order Management,2,Sales Order Create,3,,Validate Contract & Data ,1,(FED) - OCX,24336,24336
em114j,Add,AT&T Business,Global Enterprise Sales,ADI,Buy,2,Sales Order Management,2,Sales Order Create,3,,Validate Contract & Data ,1,CAFE,15242,15242
em114j,Add,AT&T Business,Global Enterprise Sales,ADI,Buy,2,Sales Order Management,2,Sales Order Create,3,,Validate Contract & Data ,1,B2BIGW,13541,13541
em114j,Add,AT&T Business,Global Enterprise Sales,ADI,Buy,2,Sales Order Management,2,Sales Order Create,3,,Validate Contract & Data ,1,ATTeBiz,23015,23015
em114j,Add,AT&T Business,Global Enterprise Sales,ADI,Buy,2,Sales Order Management,2,Sales Order Create,3,,Validate Contract & Data ,1,EIS,26683,26683
em114j,Add,AT&T Business,Global Enterprise Sales,ADI,Buy,2,Sales Order Management,2,Sales Order Create,3,,Validate Contract & Data ,1,OVALS GIS,19375,19375
em114j,Add,AT&T Business,Global Enterprise Sales,ABF,Buy,2,Sales Order Management ,3,Sales Order Create,3,,Qualify & Validate Sales Order Data,1,ATTeBiz,23015,23015
em114j,Add,AT&T Business,Global Enterprise Sales,ASE,Buy,2,Sales Order Management ,3,Sales Order Create,3,,Send ASR and ASR/LEASR Validaton Feed,1,ASF,29572,29572
em114j,Add,AT&T Business,Global Enterprise Sales,ABF,Buy,2,Sales Order Management ,3,Sales Order Create,3,,Qualify & Validate Sales Order Details,2,ATTeBiz,23015,23015
em114j,Add,AT&T Business,Global Enterprise Sales,ASE,Buy,2,Sales Order Management ,3,Sales Order Create,3,,Submit Address Validation Request SOAP XML,2,ASF,29572,29572
em114j,Add,AT&T Business,Global Enterprise Sales,ABF,Buy,2,Sales Order Management ,3,Sales Order Create,3,,Qualify & Validiate Service Configuration,3,OPUS - C,18257,18257
em114j,Add,AT&T Business,Global Enterprise Sales,ASE,Buy,2,Sales Order Management ,3,Sales Order Create,3,,Route Address Validation Message,3,ASF,29572,29572
em114j,Add,AT&T Business,Global Enterprise Sales,ABF,Buy,2,Sales Order Management ,3,Sales Order Create,3,,Generate  Pricing Feed & Transmit Daily Pricing batch,4,ROME,14269,14269
em114j,Add,AT&T Business,Global Enterprise Sales,ASE,Buy,2,Sales Order Management ,3,Sales Order Create,3,,Validate Address,4,ASF,29572,29572
em114j,Add,AT&T Business,Global Enterprise Sales,ABF,Buy,2,Sales Order Management ,3,Sales Order Create,3,,Submit Sales order to Service Delivery,5,BBW,29333,29333
em114j,Add,AT&T Business,Global Enterprise Sales,ASE,Buy,2,Sales Order Management ,3,Sales Order Create,3,,Submit ASR Inquiry & Updates,5,ASF,29572,29572
em114j,Add,AT&T Business,Global Enterprise Sales,HSIA,Buy,2,Sales Order Management ,3,Sales Order Create,3,,Validate Service Address,1,ASF,29572,29572
em114j,Add,AT&T Business,Global Enterprise Sales,ASE,Buy,2,Sales Order Management ,3,Sales Order Create,3,,Submit ASR/DLR Inquiry,6,ASF,29572,29572
em114j,Add,AT&T Business,Global Enterprise Sales,ASE,Buy,2,Sales Order Management ,3,Sales Order Create,3,,Submit Service Order Inquiry,7,ASF,29572,29572
em114j,Add,AT&T Business,Global Enterprise Sales,ASE,Buy,2,Sales Order Management ,3,Sales Order Create,3,,Retrieve Service Order Details,8,ASF,29572,29572
em114j,Add,AT&T Business,Global Enterprise Sales,HSIA,Buy,2,Sales Order Management ,3,Sales Order Create,3,,Create HSIA-E Sales Order,4,ASF,29572,29572
em114j,Add,AT&T Business,Global Enterprise Sales,ASE,Buy,2,Sales Order Management ,3,Sales Order Create,3,,Request Fiber Fast Info,9,ASF,29572,29572
em114j,Add,AT&T Business,Global Enterprise Sales,HSIA,Buy,2,Sales Order Management ,3,Sales Order Create,3,,Order HSIA-E  to Service Delivery,5,ASF,29572,29572
em114j,Add,AT&T Business,Global Enterprise Sales,ASE,Buy,2,Sales Order Management ,3,Sales Order Create,3,,Request Circuit Inquiry & Status,10,ASF,29572,29572
em114j,Add,AT&T Business,Global Enterprise Sales,HSIA,Buy,2,Sales Order Management ,3,Sales Order Create,3,,Submit HSIA-E  for Service Delivery,6,ASF,29572,29572
em114j,Add,AT&T Business,Global Enterprise Sales,ASE,Buy,2,Sales Order Management ,3,Sales Order Create,3,,Request Bill View & CSR Inquiry,11,ASF,29572,29572
em114j,Add,AT&T Business,Global Enterprise Sales,ASE,Buy,2,Sales Order Management ,3,Sales Order Create,3,,Request Service Availability,12,ASF,29572,29572
em114j,Add,AT&T Business,Global Enterprise Sales,ASE,Buy,2,Sales Order Management ,3,Sales Order Create,3,,Launch Solution Config,13,ASF,29572,29572
em114j,Add,AT&T Business,Global Enterprise Sales,ASE,Buy,2,Sales Order Management ,3,Sales Order Create,3,,Retrive Oppty Details & Service Availability,14,ASF,29572,29572
em114j,Add,AT&T Business,Global Enterprise Sales,ASE,Buy,2,Sales Order Management ,3,Sales Order Create,3,,Return Completed Solution Details,15,ASF,29572,29572
em114j,Add,AT&T Business,Global Enterprise Sales,ASE,Buy,2,Sales Order Management ,3,Sales Order Create,3,,Load Rate Letter & SSSF Data,16,ASF,29572,29572
em114j,Add,AT&T Business,Global Enterprise Sales,ASE,Buy,2,Sales Order Management ,3,Sales Order Create,3,,Search & Update Inventory Indentifiers,17,ASF,29572,29572
em114j,Add,AT&T Business,Global Enterprise Sales,ASE,Buy,2,Sales Order Management ,3,Sales Order Create,3,,Write Order to EFD for Service Order Creation,18,ASF,29572,29572
em114j,Add,AT&T Business,Global Enterprise Sales,ASE,Buy,2,Sales Order Management ,3,Sales Order Create,3,,Notify NSS and Load AIS Data,19,ASF,29572,29572
em114j,Add,AT&T Business,Global Enterprise Sales,ASE,Buy,2,Sales Order Management ,3,Sales Order Create,3,,Update Solution Design,20,ASF,29572,29572
em114j,Add,AT&T Business,Global Enterprise Sales,HSIA,Buy,2,Pricing Management ,5,Sales Order Create,3,,Pre-qualify Customer & Service Eligibility,2,ASF,29572,29572
em114j,Add,AT&T Business,Global Enterprise Sales,HSIA,Buy,2,Pricing Management ,5,Sales Order Create,3,,Price HSIA-E service,3,ASF,29572,29572
em114j,Add,AT&T Business,Digital Experience,CRU,Buy,2,Sales Order Management ,3,Sales Order CRU,1,,Sign up,1,ATTeBiz,23015,23015
em114j,Add,AT&T Business,Digital Experience,CRU,Buy,2,Sales Order Management ,3,Sales Order CRU,1,,Verify Business Info,2,ATTeBiz,23015,23015
em114j,Add,AT&T Business,Digital Experience,CRU,Buy,2,Sales Order Management ,3,Sales Order CRU,1,,Choose between plans,3,ATTeBiz,23015,23015
em114j,Add,AT&T Business,Digital Experience,CRU,Buy,2,Sales Order Management ,3,Sales Order CRU,1,,Select Device,4,ATTeBiz,23015,23015
em114j,Add,AT&T Business,Digital Experience,CRU,Buy,2,Sales Order Management ,3,Sales Order CRU,1,,Choose between plans,5,ATTeBiz,23015,23015
em114j,Add,AT&T Business,Digital Experience,CRU,Buy,2,Sales Order Management ,3,Sales Order CRU,1,,Add ons,6,ATTeBiz,23015,23015
em114j,Add,AT&T Business,Digital Experience,CRU,Buy,2,Sales Order Management ,3,Sales Order CRU,1,,"Review, Share and Save Cart Selections",7,ATTeBiz,23015,23015
em114j,Add,AT&T Business,Digital Experience,CRU,Buy,2,Sales Order Management ,3,Sales Order CRU,1,,Initiate Credit Check,8,ATTeBiz,23015,23015
em114j,Add,AT&T Business,Digital Experience,CRU,Buy,2,Sales Order Management ,3,Sales Order CRU,1,,Credit and Bill Preferences,9,ATTeBiz,23015,23015
em114j,Add,AT&T Business,Digital Experience,CRU,Buy,2,Sales Order Management ,3,Sales Order CRU,1,,review and Accept Mobile Business Agreement,10,ATTeBiz,23015,23015
em114j,Add,AT&T Business,Digital Experience,CRU,Buy,2,Sales Order Management ,3,Sales Order CRU,1,,Review and submit order,11,ATTeBiz,23015,23015
em114j,Add,AT&T Business,Digital Experience,CRU,Buy,2,Sales Order Management ,3,Sales Order CRU,1,,Receive Confirmation and Estimated Delivery Date,12,ATTeBiz,23015,23015
em114j,Add,AT&T Business,Digital Experience,CRU,Buy,2,Sales Order Management ,3,Sales Order CRU,1,,Perform onboarding se4tup,13,ATTeBiz,23015,23015
em114j,Add,AT&T Business,Digital Experience,CRU,Buy,2,Sales Order Management ,3,Sales Order CRU,1,,MDM transfer/Set-up,14,ATTeBiz,23015,23015
em114j,Add,AT&T Business,Service Delivery,ADI,Get,3,Provisioning Management,2,Service Activation Complete,9,,Service Activation Complete,1,(FED) - AOTS,23223,23223
em114j,Add,AT&T Business,Service Delivery,ADI,Get,3,Provisioning Management,2,Service Activation Complete,9,"BGW ->> CADM: Service Activation System
BGW ->> UBAM: Service Activation System",Service Activation Complete,1,BGW,14106,14106
em114j,Add,AT&T Business,Service Delivery,ADI,Get,3,Provisioning Management,2,Service Activation Complete,9,,Service Activation Complete,1,BMP,13830,13830
em114j,Add,AT&T Business,Service Delivery,ADI,Get,3,Provisioning Management,2,Service Activation Complete,9,,Service Activation Complete,1,CADM,12997,12997
em114j,Add,AT&T Business,Service Delivery,ADI,Get,3,Provisioning Management,2,Service Activation Complete,9,,Service Activation Complete,1,CS WFBPM,22097,22097
em114j,Add,AT&T Business,Service Delivery,ADI,Get,3,Provisioning Management,2,Service Activation Complete,9,Service Activation System,Service Activation Complete,1,CANOPI,16994,16994
em114j,Add,AT&T Business,Service Delivery,ADI,Get,3,Provisioning Management,2,Service Activation Complete,9,Service Activation System,Service Activation Complete,1,EFMS,13537,13537
em114j,Add,AT&T Business,Service Delivery,ADI,Get,3,Provisioning Management,2,Service Activation Complete,9,,Service Activation Complete,1,UBAM,27435,27435
em114j,Add,AT&T Business,Service Delivery,ADI,Get,3,Provisioning Management,2,Service Activation Complete,9,,Service Activation Complete,1,FORCE-DCOE,19705,19705
em114j,Add,AT&T Business,Service Delivery,ADI,Get,3,Provisioning Management,2,Service Activation Complete,9,,Service Activation Complete,1,ICT,13740,13740
em114j,Add,AT&T Business,Service Delivery,ADI,Get,3,Provisioning Management,2,Service Activation Complete,9,,Service Activation Complete,1,INSTAR,13672,13672
em114j,Add,AT&T Business,Service Delivery,ADI,Get,3,Provisioning Management,2,Service Activation Complete,9,,Service Activation Complete,1,NC3,13200,13200
em114j,Add,AT&T Business,Service Delivery,ADI,Get,3,Provisioning Management,2,Service Activation Complete,9,Service Activation System,Service Activation Complete,1,NISE-WFM,19835,19835
em114j,Add,AT&T Business,Service Delivery,ADI,Get,3,Provisioning Management,2,Service Activation Complete,9,,Service Activation Complete,1,OCS-SS,13758,13758
em114j,Add,AT&T Business,Service Delivery,ADI,Get,3,Provisioning Management,2,Service Activation Complete,9,,Service Activation Complete,1,UB,13792,13792
em114j,Add,AT&T Business,Service Delivery,ADI,Get,3,Provisioning Management,2,Service Activation Complete,9,Provisioning system,Service Activation Complete,1,WMS-NT,19808,19808
em114j,Add,AT&T Business,Service Delivery,ADI,Get,3,Provisioning Management,2,Service Activation Complete,9,Provisioning system,Service Activation Complete,1,WMS - FDC/PDC - FedEx,25376,25376
em114j,Add,AT&T Business,Service Delivery,ADI,Get,3,Provisioning Management,2,Service Activation Complete,9,Provisioning system,Service Activation Complete,1,EIS,26683,26683
em114j,Add,AT&T Business,Service Delivery,ADI,Get,3,Provisioning Management,2,Service Activation Complete,9,,Service Activation Complete,1,(FED) - OCX,24336,24336
em114j,Add,AT&T Business,Service Delivery,ADI,Get,3,Provisioning Management,2,Service Activation Complete,9,,Service Activation Complete,1,OCX,23326,23326
em114j,Add,AT&T Business,Service Delivery,ADI,Get,3,Provisioning Management,2,Service Activation Complete,9,,Service Activation Complete,1,OMX,22011,22011
em114j,Add,AT&T Business,Service Delivery,ADI,Get,3,Provisioning Management,2,Service Activation Complete,9,,Service Activation Complete,1,(FED) - OMX,24233,24233
em114j,Add,AT&T Business,Service Delivery,ADI,Get,3,Provisioning Management,2,Service Activation Complete,9,,Service Activation Complete,1,NISE-WFM,19835,19835
em114j,Add,AT&T Business,Service Delivery,ADI,Get,3,Provisioning Management,2,Service Activation Complete,9,,Service Activation Complete,1,AERO,21607,21607
em114j,Add,AT&T Business,Service Delivery,ADI,Get,3,Provisioning Management,2,Service Activation Complete,9,,Service Activation Complete,1,ICORE,18276,18276
em114j,Add,AT&T Business,Service Delivery,ASE,Get,3,Provisioning Management ,2,Service Activation Complete,7,,Submit New Orders,1,ARIS/EXACT,224,224
em114j,Add,AT&T Business,Service Delivery,ASE,Get,3,Provisioning Management ,2,Service Activation Complete,7,,Prepare Orders for Provisioning & Inventory,2,ARIS/EXACT,224,224
em114j,Add,AT&T Business,Service Delivery,ASE,Get,3,Provisioning Management ,2,Service Activation Complete,7,,Provision Circuit,3,CANOPI,16994,16994
em114j,Add,AT&T Business,Service Delivery,ASE,Get,3,Provisioning Management ,2,Service Activation Complete,7,,Update Inventory Records,4,CANOPI,16994,16994
em114j,Add,AT&T Business,Service Delivery,ASE,Get,3,Provisioning Management ,2,Service Activation Complete,7,,Manage Activation Workflow,5,WFA/C,641,641
em114j,Add,AT&T Business,Service Delivery,ASE,Get,3,Provisioning Management ,2,Service Activation Complete,7,,Trigger Billling to Regional Billers,6,SORDS,20353,20353
em114j,Add,AT&T Business,Service Delivery,ASE,Get,3,Provisioning Management ,2,Service Activation Complete,7,,Process Billing Records,7,SORDS,20353,20353
em114j,Add,AT&T Business,Service Delivery,ASE,Get,3,Provisioning Management ,2,Service Activation Complete,7,,Post Billings Records,8,SORDS,20353,20353
em114j,Add,AT&T Business,Service Delivery,ASE,Get,3,Provisioning Management ,2,Service Activation Complete,7,,Route Activation Fallouts,9,AERO,21607,21607
em114j,Add,AT&T Business,Service Delivery,ABF,Get,4,Provisioning Management ,2,Service Activation Complete,9,,Send field completion and billing activity details ,1,WFA/C,641,641
em114j,Add,AT&T Business,Service Delivery,ABF,Get,4,Provisioning Management ,2,Service Activation Complete,9,,Provide service activation updates,2,WFA/C,641,641
em114j,Add,AT&T Business,Service Delivery,ABF,Get,4,Provisioning Management ,2,Service Activation Complete,9,,Provide billing account activation inputs ,3,WFA/C,641,641
em114j,Add,AT&T Business,Service Delivery,ABF,Get,4,Provisioning Management ,2,Service Activation Complete,9,,Aggregate activation and billing readiness data ,4,WFA/C,641,641
em114j,Add,AT&T Business,Service Delivery,ABF,Get,4,Provisioning Management ,2,Service Activation Complete,9,,Notify billing system of service activation ,5,WFA/C,641,641
em114j,Add,AT&T Business,Service Delivery,ABF,Get,4,Provisioning Management ,2,Service Activation Complete,9,,Pass order activation notification ,6,WFA/C,641,641
em114j,Add,AT&T Business,Service Delivery,ABF,Get,4,Provisioning Management ,2,Service Activation Complete,9,,Notify dispatch activity completion ,7,WFA/C,641,641
em114j,Add,AT&T Business,Service Delivery,ABF,Get,4,Provisioning Management ,2,Service Activation Complete,9,,Trigger billing enablement for activated service ,8,WFA/C,641,641
em114j,Add,AT&T Business,Service Assurance,ADI,Support,6,Incident Management,1,Service Assurance,10,,Service Assurance,10,INSTAR,13672,13672
em114j,Add,AT&T Business,Service Assurance,ADI,Support,6,Incident Management,1,Service Assurance,10,,Service Assurance,10,UTG,20215,20215
em114j,Add,AT&T Business,Service Assurance,ADI,Support,6,Incident Management,1,Service Assurance,10,,Service Assurance,10,WFA/C,641,641
em114j,Add,AT&T Business,Service Assurance,ADI,Support,6,Incident Management,1,Service Assurance,10,,Service Assurance,10,EDGE,19062,19062
em114j,Add,AT&T Business,Service Assurance,ADI,Support,6,Incident Management,1,Service Assurance,10,,Service Assurance,10,RUBY,17052,17052
em114j,Add,AT&T Business,Service Assurance,ADI,Support,6,Incident Management,1,Service Assurance,10,,Service Assurance,10,BMP,13830,13830
em114j,Add,AT&T Business,Service Assurance,ADI,Support,6,Incident Management,1,Service Assurance,10,,Service Assurance,10,BSET,29001,29001
em114j,Add,AT&T Business,Service Assurance,ADI,Support,6,Incident Management,1,Service Assurance,10,,Service Assurance,10,ECOP,14866,14866
em114j,Add,AT&T Business,Service Assurance,ADI,Support,6,Incident Management,1,Service Assurance,10,,Service Assurance,10,(FED) - AOTS,23223,23223
em114j,Add,AT&T Business,Service Assurance,ADI,Support,6,Incident Management,1,Service Assurance,10,,Service Assurance,10,WMS-NT,19808,19808
em114j,Add,AT&T Business,Service Assurance,ADI,Support,6,Incident Management,1,Service Assurance,10,,Service Assurance,10,WMS - FDC/PDC - FedEx,25376,25376
em114j,Add,AT&T Business,Service Assurance,ADI,Support,6,Incident Management,1,Service Assurance,10,,Service Assurance,10,GRETA,2027,2027
em114j,Add,AT&T Business,Service Assurance,ADI,Support,6,Incident Management,1,Service Assurance,10,,Service Assurance,10,TIRKS,595,595
em114j,Add,AT&T Business,Service Assurance,ADI,Support,6,Incident Management,1,Service Assurance,10,,Service Assurance,10,TSNOW-GUI,12555,12555
em114j,Add,AT&T Business,Service Assurance,ADI,Support,6,Incident Management,1,Service Assurance,10,,Service Assurance,10,TSNOW-OSDSI,19840,19840
em114j,Add,AT&T Business,Service Assurance,ADI,Support,6,Incident Management,1,Service Assurance,10,,Service Assurance,10,NISE-WFM,19835,19835
em114j,Add,AT&T Business,Service Assurance,ADI,Support,6,Incident Management,1,Service Assurance,10,,Service Assurance,10,CANOPI,16994,16994
em114j,Add,AT&T Business,Service Assurance,ADI,Support,6,Incident Management,1,Service Assurance,10,,Service Assurance,10,(FED) - OCX,24336,24336
em114j,Add,AT&T Business,Service Assurance,ADI,Support,6,Incident Management,1,Service Assurance,10,,Service Assurance,10,OCX,23326,23326
em114j,Add,AT&T Business,Service Assurance,ADI,Support,6,Incident Management,1,Service Assurance,10,,Service Assurance,10,OMX,22011,22011
em114j,Add,AT&T Business,Service Assurance,ADI,Support,6,Incident Management,1,Service Assurance,10,,Service Assurance,10,(FED) - OMX,24233,24233
em114j,Add,AT&T Business,Service Assurance,ADI,Support,6,Incident Management,1,Service Assurance,10,,Service Assurance,10,Ciena ESM,19402,19402
em114j,Add,AT&T Business,Service Assurance,ADI,Support,6,Incident Management,1,Service Assurance,10,,Service Assurance,10,Radview,32406,32406
em114j,Add,AT&T Business,Service Assurance,ADI,Support,6,Incident Management,1,Service Assurance,10,,Service Assurance,10,Tarantella,18737,18737
em114j,Add,AT&T Business,Service Assurance,ADI,Support,6,Incident Management,1,Service Assurance,10,,Service Assurance,10,NMA,4615,4615
em114j,Add,AT&T Business,Service Assurance,ADI,Support,6,Incident Management,1,Service Assurance,10,,Service Assurance,10,SOTS,13853,13853
em114j,Add,AT&T Business,Service Assurance,ADI,Support,6,Incident Management,1,Service Assurance,10,,Service Assurance,10,GoSET,28875,28875
em114j,Add,AT&T Business,Service Assurance,ADI,Support,6,Incident Management,1,Service Assurance,10,,Service Assurance,10,GDUI,30230,30230
em114j,Add,AT&T Business,Service Assurance,ADI,Support,6,Incident Management,1,Service Assurance,10,,Service Assurance,10,NetDB,18881,18881
em114j,Add,AT&T Business,Service Assurance,ADI,Support,6,Incident Management,1,Service Assurance,10,,Service Assurance,10,UNAD,18833,18833
em114j,Add,AT&T Business,Service Assurance,ADI,Support,6,Incident Management,1,Service Assurance,10,,Service Assurance,10,SARTS,13001,13001
em114j,Add,AT&T Business,Service Assurance,ADI,Support,6,Incident Management,1,Service Assurance,10,,Service Assurance,10,REACT,481,481
em114j,Add,AT&T Business,Service Assurance,ADI,Support,6,Incident Management,1,Service Assurance,10,,Service Assurance,10,INC,16688,16688
em114j,Add,AT&T Business,Service Assurance,ADI,Support,6,Incident Management,1,Service Assurance,10,,Service Assurance,10,DACS-OSS,13760,13760
em114j,Add,AT&T Business,Service Assurance,ADI,Support,6,Incident Management,1,Service Assurance,10,,Service Assurance,10,TMAS,12833,12833
em114j,Add,AT&T Business,Service Assurance,ADI,Support,6,Incident Management,1,Service Assurance,10,,Service Assurance,10,FORCE-DCOE,19705,19705
em114j,Add,AT&T Business,Service Assurance,ADI,Support,6,Incident Management,1,Service Assurance,10,,Service Assurance,10,STCL,19982,19982
em114j,Add,AT&T Business,Service Assurance,ADI,Support,6,Incident Management,1,Service Assurance,10,,Service Assurance,10,GTAC,17443,17443
em114j,Add,AT&T Business,Service Assurance,ADI,Support,6,Incident Management,1,Service Assurance,10,,Service Assurance,10,1641SX,12543,12543
em114j,Add,AT&T Business,Service Assurance,ADI,Support,6,Incident Management,1,Service Assurance,10,,Service Assurance,10,CTP-CTC,16995,16995
em114j,Add,AT&T Business,Service Assurance,ADI,Support,6,Incident Management,1,Service Assurance,10,,Service Assurance,10,DACS-EMS,20051,20051
em114j,Add,AT&T Business,Service Assurance,ADI,Support,6,Incident Management,1,Service Assurance,10,,Service Assurance,10,CISCO-CTM-METRO,10438,10438
em114j,Add,AT&T Business,Service Assurance,ADI,Support,6,Incident Management,1,Service Assurance,10,,Service Assurance,10,EIS,26683,26683
em114j,Add,AT&T Business,Service Assurance,ADI,Support,6,Incident Management,1,Service Assurance,10,,Service Assurance,10,GICECAP-CNIAM,31842,31842
em114j,Add,AT&T Business,Service Assurance,ADI,Support,6,Incident Management,1,Service Assurance,10,,Service Assurance,10,GTAC - S,29640,29640
em114j,Add,AT&T Business,Service Assurance,ADI,Support,6,Incident Management,1,Service Assurance,10,,Service Assurance,10,CTP,12470,12470
em114j,Add,AT&T Business,Service Assurance,ADI,Support,6,Incident Management,1,Service Assurance,10,,Service Assurance,10,DEMS/DARICS,14131,14131
em114j,Add,AT&T Business,Service Assurance,ADI,Support,6,Incident Management,1,Service Assurance,10,,Service Assurance,10,CART-DIAGNOSE,32438,32438
em114j,Add,AT&T Business,Service Assurance,ADI,Support,6,Incident Management,1,Service Assurance,10,,Service Assurance,10,GCSBPO,26280,26280
em114j,Add,AT&T Business,Service Assurance,ADI,Support,6,Incident Management,1,Service Assurance,10,,Service Assurance,10,BERT,16172,16172
em114j,Add,AT&T Business,Service Assurance,ADI,Support,6,Incident Management,1,Service Assurance,10,,Service Assurance,10,C3,27489,27489
em114j,Add,AT&T Business,Service Assurance,ADI,Support,6,Incident Management,1,Service Assurance,10,,Service Assurance,10,PIXI,30186,30186
em114j,Add,AT&T Business,Service Assurance,ADI,Support,6,Incident Management,1,Service Assurance,10,,Service Assurance,10,3i,30928,30928
em114j,Add,AT&T Business,Service Assurance,ADI,Support,6,Incident Management,1,Service Assurance,10,,Service Assurance,10,AET,22470,22470
em114j,Add,AT&T Business,Service Assurance,ADI,Support,6,Incident Management,1,Service Assurance,10,,Service Assurance,10,Athena,26197,26197
em114j,Add,AT&T Business,Service Delivery,ADI,Get,3,Order Management,1,Service Order ,4,"EDF ->> OMX: Retrieve Sales Order
EDF ->> ATTCOMM: Retrieve Sales Order",Retrieve Sales Order,1,EDF,23718,23718
em114j,Add,AT&T Business,Service Delivery,ADI,Get,3,Order Management,1,Service Order ,4,ROME ->> Service Order,Service Order Create ,2,ROME,14269,14269
em114j,Add,AT&T Business,Service Delivery,ADI,Get,3,Order Management,1,Service Order ,4,ASF ->> EDF,Service Order Create ,2,ASF,29572,29572
em114j,Add,AT&T Business,Service Delivery,ADI,Get,3,Order Management,1,Service Order ,4,"OMX ->> ASCI_GCP: Get Circuit ID assignment
OMX ->> AERO: Create fallout tasks
OMX ->> AERO: Write fallouts to CTH
OMX ->> UTMS: Create fallout tasks
OMX ->> ASOC: MLDB address validation
OMX ->> OMS: Trigger Order Create Field level validation etc.
OMX ->> OMS: Create Order IDs and Write orders
",Service Order Create ,2,OMX,22011,22011
em114j,Add,AT&T Business,Service Delivery,ADI,Get,3,Order Management,1,Service Order ,4,,Service Order Create ,2,ASOC,13540,13540
em114j,Add,AT&T Business,Service Delivery,ADI,Get,3,Order Management,1,Service Order ,4,"OMS ->>ASOC: Get ACDD and other dates and checks
OMS ->> OCX: IOD pulls LAN info and other order info
OMS ->> OMX: Notifies OMX of new orders",Service Order Create ,2,BGW,14106,14106
em114j,Add,AT&T Business,Service Delivery,ADI,Get,3,Order Management,1,Service Order ,4,,Service Order Create ,2,CPC,17765,17765
em114j,Add,AT&T Business,Service Delivery,ADI,Get,3,Order Management,1,Service Order ,4,,Service Order Create ,2,CSI - Network Management,20188,20188
em114j,Add,AT&T Business,Service Delivery,ADI,Get,3,Order Management,1,Service Order ,4,,Service Order Create ,2,UTMS,27213,27213
em114j,Add,AT&T Business,Service Delivery,ADI,Get,3,Order Management,1,Service Order ,4,,Service Order Create ,2,EFMS,13537,13537
em114j,Add,AT&T Business,Service Delivery,ADI,Get,3,Order Management,1,Service Order ,4,,Service Order Create ,2,IOS,20741,20741
em114j,Add,AT&T Business,Service Delivery,ADI,Get,3,Order Management,1,Service Order ,4,,Service Order Create ,2,(FED) - OCX,24336,24336
em114j,Add,AT&T Business,Service Delivery,ADI,Get,3,Order Management,1,Service Order ,4,,Service Order Create ,2,(FED) - OMX,24233,24233
em114j,Add,AT&T Business,Service Delivery,ADI,Get,3,Order Management,1,Service Order ,4,,Service Order Create ,2,OVALS GIS,19375,19375
em114j,Add,AT&T Business,Service Delivery,ADI,Get,3,Order Management,1,Service Order ,4,,Service Order Create ,2,USRP,13703,13703
em114j,Add,AT&T Business,Service Delivery,ADI,Get,3,Order Management,1,Service Order ,4,,Service Order Create ,2,GRID-AC,22510,22510
em114j,Add,AT&T Business,Service Delivery,ADI,Get,3,Order Management,1,Service Order ,4,,Service Order Create ,2,ATTCOMM,31502,31502
em114j,Add,AT&T Business,Service Delivery,ADI,Get,3,Order Management,1,Service Order ,4,"OCX ->> USRP: Informs downstream systems to retrieve order
OCX ->> OCSS: Informs downstream systems to retrieve order
OCX ->> ACMS: Informs downstream systems to retrieve order
OCX ->> BGW: Informs downstream systems to retrieve order
OCX ->> BGW: Billing Data Pushed
OCX ->> CAMO: Informs downstream systems to retrieve order
OCX ->> EFMS: Informs downstream systems to retrieve order
OCX ->> GRID-AC: Writes Data into Data reposities for Extraction and reporting
OCX ->> SXP: Writes Data into Data reposities for Extraction and reporting
OCX ->> IOS: Writes Data into Data reposities for Extraction and reporting",Distribute Orders and Record Data,3,OCX,23326,23326
em114j,Add,AT&T Business,Service Delivery,ADI,Get,3,Order Management,1,Service Order ,5,"USRP ->> OCSS: ATX Order
USRP ->> ACMS: Access Order
USRP ->> INSTAR: Network Order
USRP ->> CAMO: Router Order
USRP ->> NC3: Router Order",Service Order Submit,4,USRP,13703,13703
em114j,Add,AT&T Business,Service Delivery,ADI,Get,3,Order Management,1,Service Order ,5,,Service Order Submit,4,AERO,21607,21607
em114j,Add,AT&T Business,Service Delivery,ADI,Get,3,Order Management,1,Service Order ,5,,Service Order Submit,4,BGW,14106,14106
em114j,Add,AT&T Business,Service Delivery,ADI,Get,3,Order Management,1,Service Order ,5,,Service Order Submit,4,CS WFBPM,22097,22097
em114j,Add,AT&T Business,Service Delivery,ADI,Get,3,Order Management,1,Service Order ,5,,Service Order Submit,4,EFMS,13537,13537
em114j,Add,AT&T Business,Service Delivery,ADI,Get,3,Order Management,1,Service Order ,5,,Service Order Submit,4,EXMGR,9325,9325
em114j,Add,AT&T Business,Service Delivery,ADI,Get,3,Order Management,1,Service Order ,5,,Service Order Submit,4,GRID-AC,22510,22510
em114j,Add,AT&T Business,Service Delivery,ADI,Get,3,Order Management,1,Service Order ,5,,Service Order Submit,4,INSTAR,13672,13672
em114j,Add,AT&T Business,Service Delivery,ADI,Get,3,Order Management,1,Service Order ,5,,Service Order Submit,4,NC3,13200,13200
em114j,Add,AT&T Business,Service Delivery,ADI,Get,3,Order Management,1,Service Order ,5,,Service Order Submit,4,NISE-WFM,19835,19835
em114j,Add,AT&T Business,Service Delivery,ADI,Get,3,Order Management,1,Service Order ,5,,Service Order Submit,4,OCS-SS,13758,13758
em114j,Add,AT&T Business,Service Delivery,ADI,Get,3,Order Management,1,Service Order ,5,,Service Order Submit,4,OMX,22011,22011
em114j,Add,AT&T Business,Service Delivery,ABF,Get,3,Order Management ,1,Service Order Create,4,,Convert Sales Order to Service Delivery  ,1,BBW,29333,29333
em114j,Add,AT&T Business,Service Delivery,ABF,Get,3,Order Management ,1,Service Order Create,4,,Capture Customer Direct Service Order,2,ATTeBiz,23015,23015
em114j,Add,AT&T Business,Service Delivery,ABF,Get,3,Order Management ,1,Service Order Create,4,,Capture Mobility Customer Direct Service Order,3,OPUS - C,18257,18257
em114j,Add,AT&T Business,Service Delivery,ABF,Get,3,Order Management ,1,Service Order Create,4,,Submit Sellers Direct Service Order,4,BBW,29333,29333
em114j,Add,AT&T Business,Service Delivery,ABF,Get,3,Order Management ,1,Service Order Create,4,,Assign Ordering and CPE Assignment/ DD Details,5,LS CRM,10056,10056
em114j,Add,AT&T Business,Service Delivery,ABF,Get,3,Order Management ,1,Service Order Create,4,,"Notify E911, Directory, & Caller ID Updates",6,LS-OMS,10038,10038
em114j,Add,AT&T Business,Service Delivery,ABF,Get,3,Order Management ,1,Service Order Create,4,,Provision Service Resources,7,BBNMS-LS,16188,16188
em114j,Add,AT&T Business,Service Delivery,ABF,Get,3,Order Management ,1,Service Order Create,4,,Update Service Inventory,8,GRANITE,9723,9723
em114j,Add,AT&T Business,Service Delivery,ABF,Get,3,Order Management ,1,Service Order Create,4,,Update Network Inventory,9,GRANITE,9723,9723
em114j,Add,AT&T Business,Service Delivery,ABF,Get,3,Order Management ,1,Service Order Create,4,,Update Network Inventory,10,GRANITE,9723,9723
em114j,Add,AT&T Business,Service Delivery,ABF,Get,3,Order Management ,1,Service Order Submit,4,,Convert Sales Order to Service Delivery  ,11,BBW,29333,29333
em114j,Add,AT&T Business,Service Delivery,ABF,Get,3,Order Management ,1,Service Order Submit,4,,Capture Customer Direct Service Order,12,ATTeBiz,23015,23015
em114j,Add,AT&T Business,Service Delivery,ABF,Get,3,Order Management ,1,Service Order Submit,4,,Capture Mobility Customer Direct Service Order,13,OPUS - C,18257,18257
em114j,Add,AT&T Business,Service Delivery,ABF,Get,3,Order Management ,1,Service Order Submit,4,,Submit Sellers Direct Service Order,14,BBW,29333,29333
em114j,Add,AT&T Business,Service Delivery,ABF,Get,3,Order Management ,1,Service Order Submit,4,,Assign Ordering and CPE Assignment/ DD Details,15,LS CRM,10056,10056
em114j,Add,AT&T Business,Service Delivery,ABF,Get,3,Order Management ,1,Service Order Submit,4,,"Notify E911, Directory, & Caller ID Updates",16,LS-OMS,10038,10038
em114j,Add,AT&T Business,Service Delivery,ABF,Get,3,Order Management ,1,Service Order Submit,4,,Provision Service Resources,17,BBNMS-LS,16188,16188
em114j,Add,AT&T Business,Service Delivery,ABF,Get,3,Order Management ,1,Service Order Submit,4,,Update Service Inventory,18,GRANITE,9723,9723
em114j,Add,AT&T Business,Service Delivery,ABF,Get,3,Order Management ,1,Service Order Submit,4,,Update Network Inventory,19,GRANITE,9723,9723
em114j,Add,AT&T Business,Service Delivery,ABF,Get,3,Order Management ,1,Service Order Submit,4,,Update Network Inventory,20,GRANITE,9723,9723
,,,,,,,,,,,,,,,,
,,,,,,,,,,,,,,,,
,,,,,,,,,,,,,,,,
,,,,,,,,,,,,,,,,
,,,,,,,,,,,,,,,,
,,,,,,,,,,,,,,,,
,,,,,,,,,,,,,,,,
,,,,,,,,,,,,,,,,
,,,,,,,,,,,,,,,,
,,,,,,,,,,,,,,,,
,,,,,,,,,,,,,,,,
,,,,,,,,,,,,,,,,
,,,,,,,,,,,,,,,,
,,,,,,,,,,,,,,,,
,,,,,,,,,,,,,,,,
,,,,,,,,,,,,,,,,
,,,,,,,,,,,,,,,,
,,,,,,,,,,,,,,,,
,,,,,,,,,,,,,,,,
,,,,,,,,,,,,,,,,
,,,,,,,,,,,,,,,,
,,,,,,,,,,,,,,,,
,,,,,,,,,,,,,,,,
,,,,,,,,,,,,,,,,
,,,,,,,,,,,,,,,,
,,,,,,,,,,,,,,,,
,,,,,,,,,,,,,,,,
,,,,,,,,,,,,,,,,
,,,,,,,,,,,,,,,,
,,,,,,,,,,,,,,,,
,,,,,,,,,,,,,,,,
,,,,,,,,,,,,,,,,
,,,,,,,,,,,,,,,,
,,,,,,,,,,,,,,,,
,,,,,,,,,,,,,,,,
,,,,,,,,,,,,,,,,
,,,,,,,,,,,,,,,,
,,,,,,,,,,,,,,,,
,,,,,,,,,,,,,,,,
,,,,,,,,,,,,,,,,
,,,,,,,,,,,,,,,,
,,,,,,,,,,,,,,,,
,,,,,,,,,,,,,,,,
,,,,,,,,,,,,,,,,
,,,,,,,,,,,,,,,,
,,,,,,,,,,,,,,,,
,,,,,,,,,,,,,,,,
,,,,,,,,,,,,,,,,
,,,,,,,,,,,,,,,,
,,,,,,,,,,,,,,,,
,,,,,,,,,,,,,,,,
,,,,,,,,,,,,,,,,
,,,,,,,,,,,,,,,,
,,,,,,,,,,,,,,,,
,,,,,,,,,,,,,,,,
,,,,,,,,,,,,,,,,
,,,,,,,,,,,,,,,,
,,,,,,,,,,,,,,,,
,,,,,,,,,,,,,,,,
,,,,,,,,,,,,,,,,
,,,,,,,,,,,,,,,,
,,,,,,,,,,,,,,,,
,,,,,,,,,,,,,,,,
,,,,,,,,,,,,,,,,
,,,,,,,,,,,,,,,,
,,,,,,,,,,,,,,,,
,,,,,,,,,,,,,,,,
,,,,,,,,,,,,,,,,
,,,,,,,,,,,,,,,,
,,,,,,,,,,,,,,,,
,,,,,,,,,,,,,,,,
,,,,,,,,,,,,,,,,
,,,,,,,,,,,,,,,,
,,,,,,,,,,,,,,,,
,,,,,,,,,,,,,,,,
,,,,,,,,,,,,,,,,
,,,,,,,,,,,,,,,,
,,,,,,,,,,,,,,,,
,,,,,,,,,,,,,,,,
,,,,,,,,,,,,,,,,
,,,,,,,,,,,,,,,,
,,,,,,,,,,,,,,,,
,,,,,,,,,,,,,,,,
,,,,,,,,,,,,,,,,
,,,,,,,,,,,,,,,,
,,,,,,,,,,,,,,,,
,,,,,,,,,,,,,,,,
,,,,,,,,,,,,,,,,
,,,,,,,,,,,,,,,,
,,,,,,,,,,,,,,,,
,,,,,,,,,,,,,,,,
,,,,,,,,,,,,,,,,
,,,,,,,,,,,,,,,,
,,,,,,,,,,,,,,,,
,,,,,,,,,,,,,,,,
,,,,,,,,,,,,,,,,
,,,,,,,,,,,,,,,,
,,,,,,,,,,,,,,,,
,,,,,,,,,,,,,,,,
,,,,,,,,,,,,,,,,
,,,,,,,,,,,,,,,,
,,,,,,,,,,,,,,,,
,,,,,,,,,,,,,,,,
,,,,,,,,,,,,,,,,
,,,,,,,,,,,,,,,,
,,,,,,,,,,,,,,,,
,,,,,,,,,,,,,,,,
,,,,,,,,,,,,,,,,
,,,,,,,,,,,,,,,,
,,,,,,,,,,,,,,,,
,,,,,,,,,,,,,,,,
,,,,,,,,,,,,,,,,
,,,,,,,,,,,,,,,,
,,,,,,,,,,,,,,,,
,,,,,,,,,,,,,,,,
,,,,,,,,,,,,,,,,
,,,,,,,,,,,,,,,,
,,,,,,,,,,,,,,,,
,,,,,,,,,,,,,,,,
,,,,,,,,,,,,,,,,
,,,,,,,,,,,,,,,,
,,,,,,,,,,,,,,,,
,,,,,,,,,,,,,,,,
,,,,,,,,,,,,,,,,
,,,,,,,,,,,,,,,,
,,,,,,,,,,,,,,,,
,,,,,,,,,,,,,,,,
,,,,,,,,,,,,,,,,
,,,,,,,,,,,,,,,,
,,,,,,,,,,,,,,,,
,,,,,,,,,,,,,,,,
,,,,,,,,,,,,,,,,
,,,,,,,,,,,,,,,,
,,,,,,,,,,,,,,,,
,,,,,,,,,,,,,,,,
,,,,,,,,,,,,,,,,
,,,,,,,,,,,,,,,,
,,,,,,,,,,,,,,,,
,,,,,,,,,,,,,,,,
,,,,,,,,,,,,,,,,
,,,,,,,,,,,,,,,,
,,,,,,,,,,,,,,,,
,,,,,,,,,,,,,,,,
,,,,,,,,,,,,,,,,
,,,,,,,,,,,,,,,,
,,,,,,,,,,,,,,,,
,,,,,,,,,,,,,,,,
,,,,,,,,,,,,,,,,
,,,,,,,,,,,,,,,,
,,,,,,,,,,,,,,,,
,,,,,,,,,,,,,,,,
,,,,,,,,,,,,,,,,
,,,,,,,,,,,,,,,,
,,,,,,,,,,,,,,,,
,,,,,,,,,,,,,,,,
,,,,,,,,,,,,,,,,
,,,,,,,,,,,,,,,,
,,,,,,,,,,,,,,,,
,,,,,,,,,,,,,,,,
,,,,,,,,,,,,,,,,
,,,,,,,,,,,,,,,,
,,,,,,,,,,,,,,,,
,,,,,,,,,,,,,,,,
,,,,,,,,,,,,,,,,
,,,,,,,,,,,,,,,,
,,,,,,,,,,,,,,,,
,,,,,,,,,,,,,,,,
,,,,,,,,,,,,,,,,
,,,,,,,,,,,,,,,,
,,,,,,,,,,,,,,,,
,,,,,,,,,,,,,,,,
,,,,,,,,,,,,,,,,
,,,,,,,,,,,,,,,,
,,,,,,,,,,,,,,,,
,,,,,,,,,,,,,,,,
,,,,,,,,,,,,,,,,
,,,,,,,,,,,,,,,,
,,,,,,,,,,,,,,,,
,,,,,,,,,,,,,,,,
,,,,,,,,,,,,,,,,
,,,,,,,,,,,,,,,,
,,,,,,,,,,,,,,,,
,,,,,,,,,,,,,,,,
,,,,,,,,,,,,,,,,
,,,,,,,,,,,,,,,,
,,,,,,,,,,,,,,,,
,,,,,,,,,,,,,,,,
,,,,,,,,,,,,,,,,
,,,,,,,,,,,,,,,,
,,,,,,,,,,,,,,,,
,,,,,,,,,,,,,,,,
,,,,,,,,,,,,,,,,
,,,,,,,,,,,,,,,,
,,,,,,,,,,,,,,,,
,,,,,,,,,,,,,,,,
,,,,,,,,,,,,,,,,
,,,,,,,,,,,,,,,,
,,,,,,,,,,,,,,,,
,,,,,,,,,,,,,,,,
,,,,,,,,,,,,,,,,
,,,,,,,,,,,,,,,,
,,,,,,,,,,,,,,,,
,,,,,,,,,,,,,,,,
,,,,,,,,,,,,,,,,
,,,,,,,,,,,,,,,,
,,,,,,,,,,,,,,,,
,,,,,,,,,,,,,,,,
,,,,,,,,,,,,,,,,
,,,,,,,,,,,,,,,,
,,,,,,,,,,,,,,,,
,,,,,,,,,,,,,,,,
,,,,,,,,,,,,,,,,
,,,,,,,,,,,,,,,,
,,,,,,,,,,,,,,,,
,,,,,,,,,,,,,,,,
,,,,,,,,,,,,,,,,
,,,,,,,,,,,,,,,,
,,,,,,,,,,,,,,,,
,,,,,,,,,,,,,,,,
,,,,,,,,,,,,,,,,
,,,,,,,,,,,,,,,,
,,,,,,,,,,,,,,,,
,,,,,,,,,,,,,,,,
,,,,,,,,,,,,,,,,
,,,,,,,,,,,,,,,,
,,,,,,,,,,,,,,,,
,,,,,,,,,,,,,,,,
,,,,,,,,,,,,,,,,
,,,,,,,,,,,,,,,,
,,,,,,,,,,,,,,,,
,,,,,,,,,,,,,,,,
,,,,,,,,,,,,,,,,
,,,,,,,,,,,,,,,,
,,,,,,,,,,,,,,,,
,,,,,,,,,,,,,,,,
,,,,,,,,,,,,,,,,
,,,,,,,,,,,,,,,,
,,,,,,,,,,,,,,,,
,,,,,,,,,,,,,,,,
,,,,,,,,,,,,,,,,
,,,,,,,,,,,,,,,,
,,,,,,,,,,,,,,,,
,,,,,,,,,,,,,,,,
,,,,,,,,,,,,,,,,
,,,,,,,,,,,,,,,,
,,,,,,,,,,,,,,,,
,,,,,,,,,,,,,,,,
,,,,,,,,,,,,,,,,
,,,,,,,,,,,,,,,,
,,,,,,,,,,,,,,,,
,,,,,,,,,,,,,,,,
,,,,,,,,,,,,,,,,
,,,,,,,,,,,,,,,,
,,,,,,,,,,,,,,,,
,,,,,,,,,,,,,,,,
,,,,,,,,,,,,,,,,
,,,,,,,,,,,,,,,,
,,,,,,,,,,,,,,,,
,,,,,,,,,,,,,,,,
,,,,,,,,,,,,,,,,
,,,,,,,,,,,,,,,,
,,,,,,,,,,,,,,,,
,,,,,,,,,,,,,,,,
,,,,,,,,,,,,,,,,
,,,,,,,,,,,,,,,,
,,,,,,,,,,,,,,,,
,,,,,,,,,,,,,,,,
,,,,,,,,,,,,,,,,
,,,,,,,,,,,,,,,,
,,,,,,,,,,,,,,,,
,,,,,,,,,,,,,,,,
,,,,,,,,,,,,,,,,
,,,,,,,,,,,,,,,,
,,,,,,,,,,,,,,,,
,,,,,,,,,,,,,,,,
,,,,,,,,,,,,,,,,
,,,,,,,,,,,,,,,,
,,,,,,,,,,,,,,,,
,,,,,,,,,,,,,,,,
,,,,,,,,,,,,,,,,
,,,,,,,,,,,,,,,,
,,,,,,,,,,,,,,,,
,,,,,,,,,,,,,,,,
,,,,,,,,,,,,,,,,
,,,,,,,,,,,,,,,,
,,,,,,,,,,,,,,,,
,,,,,,,,,,,,,,,,
,,,,,,,,,,,,,,,,
,,,,,,,,,,,,,,,,
,,,,,,,,,,,,,,,,
,,,,,,,,,,,,,,,,
,,,,,,,,,,,,,,,,
,,,,,,,,,,,,,,,,
,,,,,,,,,,,,,,,,
,,,,,,,,,,,,,,,,
,,,,,,,,,,,,,,,,
,,,,,,,,,,,,,,,,
,,,,,,,,,,,,,,,,
,,,,,,,,,,,,,,,,
,,,,,,,,,,,,,,,,
,,,,,,,,,,,,,,,,
,,,,,,,,,,,,,,,,
,,,,,,,,,,,,,,,,
,,,,,,,,,,,,,,,,
,,,,,,,,,,,,,,,,
,,,,,,,,,,,,,,,,
,,,,,,,,,,,,,,,,
,,,,,,,,,,,,,,,,
,,,,,,,,,,,,,,,,
,,,,,,,,,,,,,,,,
,,,,,,,,,,,,,,,,
,,,,,,,,,,,,,,,,
,,,,,,,,,,,,,,,,
,,,,,,,,,,,,,,,,
,,,,,,,,,,,,,,,,
,,,,,,,,,,,,,,,,
,,,,,,,,,,,,,,,,
,,,,,,,,,,,,,,,,
,,,,,,,,,,,,,,,,
,,,,,,,,,,,,,,,,
,,,,,,,,,,,,,,,,
,,,,,,,,,,,,,,,,
,,,,,,,,,,,,,,,,
,,,,,,,,,,,,,,,,
,,,,,,,,,,,,,,,,
,,,,,,,,,,,,,,,,
,,,,,,,,,,,,,,,,
,,,,,,,,,,,,,,,,
,,,,,,,,,,,,,,,,
,,,,,,,,,,,,,,,,
,,,,,,,,,,,,,,,,
,,,,,,,,,,,,,,,,
,,,,,,,,,,,,,,,,
,,,,,,,,,,,,,,,,
,,,,,,,,,,,,,,,,
,,,,,,,,,,,,,,,,
,,,,,,,,,,,,,,,,
,,,,,,,,,,,,,,,,
,,,,,,,,,,,,,,,,
,,,,,,,,,,,,,,,,
,,,,,,,,,,,,,,,,
,,,,,,,,,,,,,,,,
,,,,,,,,,,,,,,,,
,,,,,,,,,,,,,,,,
,,,,,,,,,,,,,,,,
,,,,,,,,,,,,,,,,
,,,,,,,,,,,,,,,,
,,,,,,,,,,,,,,,,
,,,,,,,,,,,,,,,,
,,,,,,,,,,,,,,,,
,,,,,,,,,,,,,,,,
,,,,,,,,,,,,,,,,
,,,,,,,,,,,,,,,,
,,,,,,,,,,,,,,,,
,,,,,,,,,,,,,,,,
,,,,,,,,,,,,,,,,
,,,,,,,,,,,,,,,,
,,,,,,,,,,,,,,,,
,,,,,,,,,,,,,,,,
,,,,,,,,,,,,,,,,
,,,,,,,,,,,,,,,,
,,,,,,,,,,,,,,,,
,,,,,,,,,,,,,,,,
,,,,,,,,,,,,,,,,
,,,,,,,,,,,,,,,,
,,,,,,,,,,,,,,,,
,,,,,,,,,,,,,,,,
,,,,,,,,,,,,,,,,
,,,,,,,,,,,,,,,,
,,,,,,,,,,,,,,,,
,,,,,,,,,,,,,,,,
,,,,,,,,,,,,,,,,
,,,,,,,,,,,,,,,,
,,,,,,,,,,,,,,,,
,,,,,,,,,,,,,,,,
,,,,,,,,,,,,,,,,
,,,,,,,,,,,,,,,,
,,,,,,,,,,,,,,,,
,,,,,,,,,,,,,,,,
,,,,,,,,,,,,,,,,
,,,,,,,,,,,,,,,,
,,,,,,,,,,,,,,,,
,,,,,,,,,,,,,,,,
,,,,,,,,,,,,,,,,
,,,,,,,,,,,,,,,,
,,,,,,,,,,,,,,,,
,,,,,,,,,,,,,,,,
,,,,,,,,,,,,,,,,
,,,,,,,,,,,,,,,,
,,,,,,,,,,,,,,,,
,,,,,,,,,,,,,,,,
,,,,,,,,,,,,,,,,
,,,,,,,,,,,,,,,,
,,,,,,,,,,,,,,,,
,,,,,,,,,,,,,,,,
,,,,,,,,,,,,,,,,
,,,,,,,,,,,,,,,,
,,,,,,,,,,,,,,,,
,,,,,,,,,,,,,,,,
,,,,,,,,,,,,,,,,
,,,,,,,,,,,,,,,,
,,,,,,,,,,,,,,,,
,,,,,,,,,,,,,,,,
,,,,,,,,,,,,,,,,
,,,,,,,,,,,,,,,,
,,,,,,,,,,,,,,,,
,,,,,,,,,,,,,,,,
,,,,,,,,,,,,,,,,
,,,,,,,,,,,,,,,,
,,,,,,,,,,,,,,,,
,,,,,,,,,,,,,,,,
,,,,,,,,,,,,,,,,
,,,,,,,,,,,,,,,,
,,,,,,,,,,,,,,,,
,,,,,,,,,,,,,,,,
,,,,,,,,,,,,,,,,
,,,,,,,,,,,,,,,,
,,,,,,,,,,,,,,,,
,,,,,,,,,,,,,,,,
,,,,,,,,,,,,,,,,
,,,,,,,,,,,,,,,,
,,,,,,,,,,,,,,,,
,,,,,,,,,,,,,,,,
,,,,,,,,,,,,,,,,
,,,,,,,,,,,,,,,,
,,,,,,,,,,,,,,,,
,,,,,,,,,,,,,,,,
,,,,,,,,,,,,,,,,
,,,,,,,,,,,,,,,,
,,,,,,,,,,,,,,,,
,,,,,,,,,,,,,,,,
,,,,,,,,,,,,,,,,
,,,,,,,,,,,,,,,,
,,,,,,,,,,,,,,,,
,,,,,,,,,,,,,,,,
,,,,,,,,,,,,,,,,
,,,,,,,,,,,,,,,,
,,,,,,,,,,,,,,,,
,,,,,,,,,,,,,,,,
,,,,,,,,,,,,,,,,
,,,,,,,,,,,,,,,,
,,,,,,,,,,,,,,,,
,,,,,,,,,,,,,,,,
,,,,,,,,,,,,,,,,
,,,,,,,,,,,,,,,,
,,,,,,,,,,,,,,,,
,,,,,,,,,,,,,,,,
,,,,,,,,,,,,,,,,
,,,,,,,,,,,,,,,,
,,,,,,,,,,,,,,,,
,,,,,,,,,,,,,,,,
,,,,,,,,,,,,,,,,
,,,,,,,,,,,,,,,,
,,,,,,,,,,,,,,,,
,,,,,,,,,,,,,,,,
,,,,,,,,,,,,,,,,
,,,,,,,,,,,,,,,,
,,,,,,,,,,,,,,,,
,,,,,,,,,,,,,,,,
,,,,,,,,,,,,,,,,
,,,,,,,,,,,,,,,,
,,,,,,,,,,,,,,,,
,,,,,,,,,,,,,,,,
,,,,,,,,,,,,,,,,
,,,,,,,,,,,,,,,,
,,,,,,,,,,,,,,,,
,,,,,,,,,,,,,,,,
,,,,,,,,,,,,,,,,
,,,,,,,,,,,,,,,,
,,,,,,,,,,,,,,,,
,,,,,,,,,,,,,,,,
,,,,,,,,,,,,,,,,
,,,,,,,,,,,,,,,,
,,,,,,,,,,,,,,,,
,,,,,,,,,,,,,,,,
,,,,,,,,,,,,,,,,
,,,,,,,,,,,,,,,,
,,,,,,,,,,,,,,,,
,,,,,,,,,,,,,,,,
,,,,,,,,,,,,,,,,
,,,,,,,,,,,,,,,,
,,,,,,,,,,,,,,,,
,,,,,,,,,,,,,,,,
,,,,,,,,,,,,,,,,
,,,,,,,,,,,,,,,,
,,,,,,,,,,,,,,,,
,,,,,,,,,,,,,,,,
,,,,,,,,,,,,,,,,
,,,,,,,,,,,,,,,,
,,,,,,,,,,,,,,,,
,,,,,,,,,,,,,,,,
,,,,,,,,,,,,,,,,
,,,,,,,,,,,,,,,,
,,,,,,,,,,,,,,,,
,,,,,,,,,,,,,,,,
,,,,,,,,,,,,,,,,
,,,,,,,,,,,,,,,,
,,,,,,,,,,,,,,,,
,,,,,,,,,,,,,,,,
,,,,,,,,,,,,,,,,
,,,,,,,,,,,,,,,,
,,,,,,,,,,,,,,,,
,,,,,,,,,,,,,,,,
,,,,,,,,,,,,,,,,
,,,,,,,,,,,,,,,,
,,,,,,,,,,,,,,,,
,,,,,,,,,,,,,,,,
,,,,,,,,,,,,,,,,
,,,,,,,,,,,,,,,,
,,,,,,,,,,,,,,,,
,,,,,,,,,,,,,,,,
,,,,,,,,,,,,,,,,
,,,,,,,,,,,,,,,,
,,,,,,,,,,,,,,,,
,,,,,,,,,,,,,,,,
,,,,,,,,,,,,,,,,
,,,,,,,,,,,,,,,,
,,,,,,,,,,,,,,,,
,,,,,,,,,,,,,,,,
,,,,,,,,,,,,,,,,
,,,,,,,,,,,,,,,,
,,,,,,,,,,,,,,,,
,,,,,,,,,,,,,,,,
,,,,,,,,,,,,,,,,
,,,,,,,,,,,,,,,,
,,,,,,,,,,,,,,,,
,,,,,,,,,,,,,,,,
,,,,,,,,,,,,,,,,
,,,,,,,,,,,,,,,,
,,,,,,,,,,,,,,,,
,,,,,,,,,,,,,,,,
,,,,,,,,,,,,,,,,
,,,,,,,,,,,,,,,,
,,,,,,,,,,,,,,,,
,,,,,,,,,,,,,,,,
,,,,,,,,,,,,,,,,
,,,,,,,,,,,,,,,,
,,,,,,,,,,,,,,,,
,,,,,,,,,,,,,,,,
,,,,,,,,,,,,,,,,
,,,,,,,,,,,,,,,,
,,,,,,,,,,,,,,,,
,,,,,,,,,,,,,,,,
,,,,,,,,,,,,,,,,
,,,,,,,,,,,,,,,,
,,,,,,,,,,,,,,,,
,,,,,,,,,,,,,,,,
,,,,,,,,,,,,,,,,
,,,,,,,,,,,,,,,,
,,,,,,,,,,,,,,,,
,,,,,,,,,,,,,,,,
,,,,,,,,,,,,,,,,
,,,,,,,,,,,,,,,,
,,,,,,,,,,,,,,,,
,,,,,,,,,,,,,,,,
,,,,,,,,,,,,,,,,
,,,,,,,,,,,,,,,,
,,,,,,,,,,,,,,,,
,,,,,,,,,,,,,,,,
,,,,,,,,,,,,,,,,
,,,,,,,,,,,,,,,,
,,,,,,,,,,,,,,,,
,,,,,,,,,,,,,,,,
,,,,,,,,,,,,,,,,
,,,,,,,,,,,,,,,,
,,,,,,,,,,,,,,,,
,,,,,,,,,,,,,,,,
,,,,,,,,,,,,,,,,
,,,,,,,,,,,,,,,,
,,,,,,,,,,,,,,,,
,,,,,,,,,,,,,,,,
,,,,,,,,,,,,,,,,
,,,,,,,,,,,,,,,,
,,,,,,,,,,,,,,,,
,,,,,,,,,,,,,,,,
,,,,,,,,,,,,,,,,
,,,,,,,,,,,,,,,,
,,,,,,,,,,,,,,,,
,,,,,,,,,,,,,,,,
,,,,,,,,,,,,,,,,
,,,,,,,,,,,,,,,,
,,,,,,,,,,,,,,,,
,,,,,,,,,,,,,,,,
,,,,,,,,,,,,,,,,
,,,,,,,,,,,,,,,,
,,,,,,,,,,,,,,,,
,,,,,,,,,,,,,,,,
,,,,,,,,,,,,,,,,
,,,,,,,,,,,,,,,,
,,,,,,,,,,,,,,,,
,,,,,,,,,,,,,,,,
,,,,,,,,,,,,,,,,
,,,,,,,,,,,,,,,,
,,,,,,,,,,,,,,,,
,,,,,,,,,,,,,,,,
,,,,,,,,,,,,,,,,
,,,,,,,,,,,,,,,,
,,,,,,,,,,,,,,,,
,,,,,,,,,,,,,,,,
,,,,,,,,,,,,,,,,
,,,,,,,,,,,,,,,,
,,,,,,,,,,,,,,,,
,,,,,,,,,,,,,,,,
,,,,,,,,,,,,,,,,
,,,,,,,,,,,,,,,,
,,,,,,,,,,,,,,,,
,,,,,,,,,,,,,,,,
,,,,,,,,,,,,,,,,
,,,,,,,,,,,,,,,,
,,,,,,,,,,,,,,,,
,,,,,,,,,,,,,,,,
,,,,,,,,,,,,,,,,
,,,,,,,,,,,,,,,,
,,,,,,,,,,,,,,,,
,,,,,,,,,,,,,,,,
,,,,,,,,,,,,,,,,
,,,,,,,,,,,,,,,,
,,,,,,,,,,,,,,,,
,,,,,,,,,,,,,,,,
,,,,,,,,,,,,,,,,
,,,,,,,,,,,,,,,,
,,,,,,,,,,,,,,,,
,,,,,,,,,,,,,,,,
,,,,,,,,,,,,,,,,
,,,,,,,,,,,,,,,,
,,,,,,,,,,,,,,,,
,,,,,,,,,,,,,,,,
,,,,,,,,,,,,,,,,
,,,,,,,,,,,,,,,,
,,,,,,,,,,,,,,,,
,,,,,,,,,,,,,,,,
,,,,,,,,,,,,,,,,
,,,,,,,,,,,,,,,,
,,,,,,,,,,,,,,,,
,,,,,,,,,,,,,,,,
,,,,,,,,,,,,,,,,
,,,,,,,,,,,,,,,,
,,,,,,,,,,,,,,,,
,,,,,,,,,,,,,,,,
,,,,,,,,,,,,,,,,
,,,,,,,,,,,,,,,,
,,,,,,,,,,,,,,,,
,,,,,,,,,,,,,,,,
,,,,,,,,,,,,,,,,
,,,,,,,,,,,,,,,,
,,,,,,,,,,,,,,,,
,,,,,,,,,,,,,,,,
,,,,,,,,,,,,,,,,
,,,,,,,,,,,,,,,,
,,,,,,,,,,,,,,,,
,,,,,,,,,,,,,,,,
,,,,,,,,,,,,,,,,
,,,,,,,,,,,,,,,,
,,,,,,,,,,,,,,,,
,,,,,,,,,,,,,,,,
,,,,,,,,,,,,,,,,
,,,,,,,,,,,,,,,,
,,,,,,,,,,,,,,,,
,,,,,,,,,,,,,,,,
,,,,,,,,,,,,,,,,
,,,,,,,,,,,,,,,,
,,,,,,,,,,,,,,,,
,,,,,,,,,,,,,,,,
,,,,,,,,,,,,,,,,
,,,,,,,,,,,,,,,,
,,,,,,,,,,,,,,,,
,,,,,,,,,,,,,,,,
,,,,,,,,,,,,,,,,
,,,,,,,,,,,,,,,,
,,,,,,,,,,,,,,,,
,,,,,,,,,,,,,,,,
,,,,,,,,,,,,,,,,
,,,,,,,,,,,,,,,,
,,,,,,,,,,,,,,,,
,,,,,,,,,,,,,,,,
,,,,,,,,,,,,,,,,
,,,,,,,,,,,,,,,,
,,,,,,,,,,,,,,,,
,,,,,,,,,,,,,,,,
,,,,,,,,,,,,,,,,
,,,,,,,,,,,,,,,,
,,,,,,,,,,,,,,,,
,,,,,,,,,,,,,,,,
,,,,,,,,,,,,,,,,
,,,,,,,,,,,,,,,,
,,,,,,,,,,,,,,,,
,,,,,,,,,,,,,,,,
,,,,,,,,,,,,,,,,
,,,,,,,,,,,,,,,,
,,,,,,,,,,,,,,,,
,,,,,,,,,,,,,,,,
,,,,,,,,,,,,,,,,
,,,,,,,,,,,,,,,,
,,,,,,,,,,,,,,,,
,,,,,,,,,,,,,,,,
,,,,,,,,,,,,,,,,
,,,,,,,,,,,,,,,,
,,,,,,,,,,,,,,,,
,,,,,,,,,,,,,,,,
,,,,,,,,,,,,,,,,
,,,,,,,,,,,,,,,,
,,,,,,,,,,,,,,,,
,,,,,,,,,,,,,,,,
,,,,,,,,,,,,,,,,
,,,,,,,,,,,,,,,,
,,,,,,,,,,,,,,,,
,,,,,,,,,,,,,,,,
,,,,,,,,,,,,,,,,
,,,,,,,,,,,,,,,,
,,,,,,,,,,,,,,,,
,,,,,,,,,,,,,,,,
,,,,,,,,,,,,,,,,
,,,,,,,,,,,,,,,,
,,,,,,,,,,,,,,,,
,,,,,,,,,,,,,,,,
,,,,,,,,,,,,,,,,
,,,,,,,,,,,,,,,,
,,,,,,,,,,,,,,,,
,,,,,,,,,,,,,,,,
,,,,,,,,,,,,,,,,
,,,,,,,,,,,,,,,,
,,,,,,,,,,,,,,,,
,,,,,,,,,,,,,,,,
,,,,,,,,,,,,,,,,
,,,,,,,,,,,,,,,,
,,,,,,,,,,,,,,,,
,,,,,,,,,,,,,,,,
,,,,,,,,,,,,,,,,
,,,,,,,,,,,,,,,,
,,,,,,,,,,,,,,,,
,,,,,,,,,,,,,,,,
,,,,,,,,,,,,,,,,
,,,,,,,,,,,,,,,,
,,,,,,,,,,,,,,,,
,,,,,,,,,,,,,,,,
,,,,,,,,,,,,,,,,
,,,,,,,,,,,,,,,,
,,,,,,,,,,,,,,,,
,,,,,,,,,,,,,,,,
,,,,,,,,,,,,,,,,
,,,,,,,,,,,,,,,,
,,,,,,,,,,,,,,,,
,,,,,,,,,,,,,,,,
,,,,,,,,,,,,,,,,
,,,,,,,,,,,,,,,,
,,,,,,,,,,,,,,,,
,,,,,,,,,,,,,,,,
,,,,,,,,,,,,,,,,
,,,,,,,,,,,,,,,,
,,,,,,,,,,,,,,,,
,,,,,,,,,,,,,,,,
,,,,,,,,,,,,,,,,
,,,,,,,,,,,,,,,,
,,,,,,,,,,,,,,,,
,,,,,,,,,,,,,,,,
,,,,,,,,,,,,,,,,
,,,,,,,,,,,,,,,,
,,,,,,,,,,,,,,,,
,,,,,,,,,,,,,,,,
,,,,,,,,,,,,,,,,
,,,,,,,,,,,,,,,,
,,,,,,,,,,,,,,,,
,,,,,,,,,,,,,,,,
,,,,,,,,,,,,,,,,
,,,,,,,,,,,,,,,,
,,,,,,,,,,,,,,,,
,,,,,,,,,,,,,,,,
,,,,,,,,,,,,,,,,
,,,,,,,,,,,,,,,,
,,,,,,,,,,,,,,,,
,,,,,,,,,,,,,,,,
,,,,,,,,,,,,,,,,
,,,,,,,,,,,,,,,,
,,,,,,,,,,,,,,,,
,,,,,,,,,,,,,,,,
,,,,,,,,,,,,,,,,
,,,,,,,,,,,,,,,,
,,,,,,,,,,,,,,,,
,,,,,,,,,,,,,,,,
,,,,,,,,,,,,,,,,
,,,,,,,,,,,,,,,,
,,,,,,,,,,,,,,,,
,,,,,,,,,,,,,,,,
,,,,,,,,,,,,,,,,
,,,,,,,,,,,,,,,,
,,,,,,,,,,,,,,,,
,,,,,,,,,,,,,,,,
,,,,,,,,,,,,,,,,
,,,,,,,,,,,,,,,,
,,,,,,,,,,,,,,,,
,,,,,,,,,,,,,,,,
,,,,,,,,,,,,,,,,
,,,,,,,,,,,,,,,,
,,,,,,,,,,,,,,,,
,,,,,,,,,,,,,,,,
,,,,,,,,,,,,,,,,
,,,,,,,,,,,,,,,,
,,,,,,,,,,,,,,,,
,,,,,,,,,,,,,,,,
,,,,,,,,,,,,,,,,
,,,,,,,,,,,,,,,,
,,,,,,,,,,,,,,,,
,,,,,,,,,,,,,,,,
,,,,,,,,,,,,,,,,
,,,,,,,,,,,,,,,,
,,,,,,,,,,,,,,,,
,,,,,,,,,,,,,,,,
,,,,,,,,,,,,,,,,
,,,,,,,,,,,,,,,,
,,,,,,,,,,,,,,,,
,,,,,,,,,,,,,,,,
,,,,,,,,,,,,,,,,
,,,,,,,,,,,,,,,,
,,,,,,,,,,,,,,,,
,,,,,,,,,,,,,,,,
,,,,,,,,,,,,,,,,
,,,,,,,,,,,,,,,,
,,,,,,,,,,,,,,,,
,,,,,,,,,,,,,,,,
,,,,,,,,,,,,,,,,
,,,,,,,,,,,,,,,,
,,,,,,,,,,,,,,,,
,,,,,,,,,,,,,,,,
,,,,,,,,,,,,,,,,
,,,,,,,,,,,,,,,,
,,,,,,,,,,,,,,,,
,,,,,,,,,,,,,,,,
,,,,,,,,,,,,,,,,
,,,,,,,,,,,,,,,,
,,,,,,,,,,,,,,,,
,,,,,,,,,,,,,,,,
,,,,,,,,,,,,,,,,
,,,,,,,,,,,,,,,,
,,,,,,,,,,,,,,,,
,,,,,,,,,,,,,,,,
,,,,,,,,,,,,,,,,
,,,,,,,,,,,,,,,,
,,,,,,,,,,,,,,,,
,,,,,,,,,,,,,,,,
,,,,,,,,,,,,,,,,
,,,,,,,,,,,,,,,,
,,,,,,,,,,,,,,,,
,,,,,,,,,,,,,,,,
,,,,,,,,,,,,,,,,
,,,,,,,,,,,,,,,,
,,,,,,,,,,,,,,,,
,,,,,,,,,,,,,,,,
,,,,,,,,,,,,,,,,
,,,,,,,,,,,,,,,,
,,,,,,,,,,,,,,,,
,,,,,,,,,,,,,,,,
,,,,,,,,,,,,,,,,
,,,,,,,,,,,,,,,,
,,,,,,,,,,,,,,,,
,,,,,,,,,,,,,,,,
,,,,,,,,,,,,,,,,
,,,,,,,,,,,,,,,,
,,,,,,,,,,,,,,,,
,,,,,,,,,,,,,,,,
,,,,,,,,,,,,,,,,
,,,,,,,,,,,,,,,,
,,,,,,,,,,,,,,,,
,,,,,,,,,,,,,,,,
,,,,,,,,,,,,,,,,
,,,,,,,,,,,,,,,,
,,,,,,,,,,,,,,,,
,,,,,,,,,,,,,,,,
,,,,,,,,,,,,,,,,
,,,,,,,,,,,,,,,,
,,,,,,,,,,,,,,,,
,,,,,,,,,,,,,,,,
,,,,,,,,,,,,,,,,
,,,,,,,,,,,,,,,,
,,,,,,,,,,,,,,,,
,,,,,,,,,,,,,,,,
,,,,,,,,,,,,,,,,
,,,,,,,,,,,,,,,,
,,,,,,,,,,,,,,,,
,,,,,,,,,,,,,,,,
,,,,,,,,,,,,,,,,
,,,,,,,,,,,,,,,,
,,,,,,,,,,,,,,,,
,,,,,,,,,,,,,,,,
,,,,,,,,,,,,,,,,
,,,,,,,,,,,,,,,,
,,,,,,,,,,,,,,,,
,,,,,,,,,,,,,,,,
,,,,,,,,,,,,,,,,
,,,,,,,,,,,,,,,,
,,,,,,,,,,,,,,,,
,,,,,,,,,,,,,,,,
,,,,,,,,,,,,,,,,
,,,,,,,,,,,,,,,,
,,,,,,,,,,,,,,,,
,,,,,,,,,,,,,,,,
,,,,,,,,,,,,,,,,
,,,,,,,,,,,,,,,,
,,,,,,,,,,,,,,,,
,,,,,,,,,,,,,,,,
,,,,,,,,,,,,,,,,
,,,,,,,,,,,,,,,,
,,,,,,,,,,,,,,,,
,,,,,,,,,,,,,,,,
,,,,,,,,,,,,,,,,
,,,,,,,,,,,,,,,,
,,,,,,,,,,,,,,,,
,,,,,,,,,,,,,,,,
,,,,,,,,,,,,,,,,
,,,,,,,,,,,,,,,,
,,,,,,,,,,,,,,,,
,,,,,,,,,,,,,,,,
,,,,,,,,,,,,,,,,
,,,,,,,,,,,,,,,,
,,,,,,,,,,,,,,,,
,,,,,,,,,,,,,,,,
,,,,,,,,,,,,,,,,
,,,,,,,,,,,,,,,,
,,,,,,,,,,,,,,, , 
