editor,action,lineOfBusiness,channel,product,domain_sequence,domain,sub_domain_sequence,subdomain,business_flow_sequence,business_flow,e2eux_sequence,sequence_uml,e2eux,correlation_id,application,api,Date Updated,SOX Control,Column1
em114j,Add,AT&T Business,Global Enterprise Sales,ADI,2,Buy,2,Contract Management,2,Contract Complete,1,ASOC ->> ROME: Connect to Opportunity ,Connect to Opportunity,13540,ASOC,,,,
em114j,Add,AT&T Business,Global Enterprise Sales,ADI,2,Buy,2,Contract Management,2,Contract Complete,1,OVALS GIS ->> ROME: Connect to Opportunity ,Connect to Opportunity,19375,OVALS GIS,,,,
em114j,Add,AT&T Business,Global Enterprise Sales,ADI,2,Buy,2,Contract Management,2,Contract Complete,2,"CPC ->> Sales Express: Connect for Standard Pricing
CPC ->> ASAP: Solution Creation & Qualification 
CPC ->> Salesforce: Solution Creation & Qualification ",Pricing and Create Solution,17765,CPC,,,,
em114j,Add,AT&T Business,Global Enterprise Sales,ADI,2,Buy,2,Contract Management,2,Contract Complete,2,"IGLOO ->> Sales Express: Connect for Standard Access Pricing 
IGLOO ->> ASAP: Solution Creation & Qualification 
IGLOO ->> Salesforce: Solution Creation & Qualification",Pricing and Create Solution,27567,(FED) - IGLOO,,,,
em114j,Add,AT&T Business,Global Enterprise Sales,ADI,2,Buy,2,Contract Management,2,Contract Complete,2,"UB - >>  CPC: Solution Creaton & Qualification
UB ->> IGLOO: Solution Creaton & Qualification",Pricing and Create Solution,13792,UB,,,,
em114j,Add,AT&T Business,Global Enterprise Sales,ADI,2,Buy,2,Contract Management,2,Contract Complete,2,"ASF ->> BGW: Biller Setup for Contract
ASF ->> OVALS: Solution Creaton & Qualification
ASF ->> APS: Signature & Countersignature
ASF ->> APS: Generate Contract",Pricing and Create Solution,29572,ASF,,,,
em114j,Add,AT&T Business,Global Enterprise Sales,ADI,2,Buy,2,Contract Management,2,Contract Complete,3,"MYPRICE ->>  CPC: Custom Pricer Engagement
MYPRICE ->> IGLOO: Custom Pricer Engagement
MYPRICE ->> ASAP_ADOPT: Custom Pricing",Create Custom Pricing,27226,MyPrice,,,,
em114j,Add,AT&T Business,Global Enterprise Sales,ADI,2,Buy,2,Contract Management,2,Contract Complete,3,NEXXUS ->> ASAP_ADOPT: Custom Pricing,Create Custom Pricing,30359,NEXXUS,,,,
em114j,Add,AT&T Business,Global Enterprise Sales,ADI,2,Buy,2,Contract Management,2,Contract Complete,4,"ROME ->> BGW/UB: Biller Setup for Contract
ROME ->> Sales Express : Link to Opportunity/Solution
ROME ->> ASAP_ADOPT:Link to Opportunity/Solution
ROME ->> ASF: Link to Opportunity/Solution
ROME ->> SSDF: signature & Countersignature
ROME ->> CPC: Custom Pricing
ROME ->> IGLOO: Custom Pricing",Setup Billing,14269,ROME,,,,
em114j,Add,AT&T Business,Global Enterprise Sales,ADI,2,Buy,2,Contract Management,2,Contract Complete,4,"BGW ->> CADM: Biller Setup for Contract
BGW - >>  CPC: Solution Creaton & Qualification
BGW ->> IGLOO: Solution Creaton & Qualification",Setup Billing,14106,BGW,,,,
em114j,Add,AT&T Business,Global Enterprise Sales,ADI,2,Buy,2,Contract Management,2,Contract Complete,4,CADM ->> UB: Biller Setup for Contract,Setup Billing,12997,CADM,,,,
em114j,Add,AT&T Business,Global Enterprise Sales,ADI,2,Buy,2,Contract Management,2,Contract Complete,5,"ADOPT ->> BGW: Biller Setup for Contract
ADOPT ->> ROME: Signature & Countersignature
ADOPT ->> SSDF: Generate Contract",Generate Contract,14377,ADOPT,,,,
em114j,Add,AT&T Business,Global Enterprise Sales,ADI,2,Buy,2,Contract Management,2,Contract Complete,5,"SSDF ->> ESIGN: Signature & Countersignature 
SSDF ->> CPC: Generate Contract
SSDF ->> IGLOO: Generate Contract",Generate Contract,23007,SSDF,,,,
em114j,Add,AT&T Business,Global Enterprise Sales,ADI,2,Buy,2,Contract Management,2,Contract Complete,5,"APS ->> ESIGN: Signature & Countersignature
APS ->>  CPC: Generate Contract 
APS ->> IGLOO: Generate Contract",Generate Contract,31170,APS,,,,
em114j,Add,AT&T Business,Global Enterprise Sales,ADI,2,Buy,2,Contract Management,2,Contract Complete,6,"Sales Express ->> BGW: Biller Setup for Contract
Sales Express ->> CSI-Qual: Solution Creation & Qualification
Sales Express ->>ASOC: Solution Creation & Qualification
Sales Express ->> ROME: Signature & Countersignature
Sales Express ->> SSDF: Generate Contract",Finalize Solution & Contract ,22787,Sales Express,,,,
em114j,Add,AT&T Business,Global Enterprise Sales,ADI,2,Buy,2,Contract Management,2,Contract Complete,6,,Finalize Solution & Contract ,22597,DATARTR,,,,
em114j,Add,AT&T Business,Global Enterprise Sales,ADI,2,Buy,2,Contract Management,2,Contract Complete,6,,Finalize Solution & Contract ,12654,C-BUS,,,,
em114j,Add,AT&T Business,Global Enterprise Sales,ADI,2,Buy,2,Contract Management,2,Contract Complete,6,,Finalize Solution & Contract ,28605,AT&T-Power BI,,,,
em114j,Add,AT&T Business,Global Enterprise Sales,ADI,2,Buy,2,Contract Management,2,Contract Complete,6,,Finalize Solution & Contract ,26683,EIS,,,,
em114j,Add,AT&T Business,Global Enterprise Sales,ADI,2,Buy,2,Contract Management,2,Contract Complete,6,"ASAP ->> CSI-Qual: Solution Creation & Qualification
ASAP ->> ASOC: Solution Creation & Qualification
ASAP ->> EDF: Write Solution to EDF
ASAP ->> ROME: Engage Custom Group",Qualify & Record Solution,12987,ASAP,,,,
em114j,Add,AT&T Business,Global Enterprise Sales,ADI,2,Buy,2,Contract Management,2,Contract Complete,7,"DOCVIEWER ->> Sales Express: Load Signed Contract to Repository
DOCVIEWER ->> ADOPT: Load Signed Contract to Repository",Save Contract,13662,DOCVIEWER,,,,
em114j,Add,AT&T Business,Global Enterprise Sales,ADI,2,Buy,2,Contract Management,2,Contract Complete,8,"ESIGN ->> CPC: Link to Solution
ESIGN ->> IGLOO: Link to Solution ",Link to Solution,14038,ESIGN,,,,
em114j,Add,AT&T Business,Global Enterprise Sales,ADI,2,Buy,2,Contract Management,2,Contract Complete,3,"EDF ->> CPC: Custom Pricing
EDF ->> IGLOO: Custom Pricing
EDF ->> Sales Express: Generate Contract
EDF ->> ADOPT: Generate Contract
EDF ->> ASF: Generate Contract",Create Custom Pricing,23718,EDF,,,,
em114j,Add,AT&T Business,Global Enterprise Sales,OAH,2,Buy,2,Contract Management,1,Contract Complete,1,,Generate contract PDF,29572,ASF,,,,
em114j,Add,AT&T Business,Global Enterprise Sales,OAH,2,Buy,2,Contract Management,1,Contract Complete,2,,Navigate to contract page,29572,ASF,,,,
em114j,Add,AT&T Business,Global Enterprise Sales,ABF,2,Buy,2,Contract Management,2,Contract Complete,1,,Generate Contract & Signature,29572,ASF,,,,
em114j,Add,AT&T Business,Global Enterprise Sales,ABF,2,Buy,2,Contract Management,2,Contract Complete,2,,Order Sales request,29572,ASF,,,,
em114j,Add,AT&T Business,Global Enterprise Sales,ABF,2,Buy,2,Contract Management,2,Contract Complete,3,,Capture Customer initiated Order,23015,ATTeBiz,,,,
em114j,Add,AT&T Business,Global Enterprise Sales,ABF,2,Buy,2,Contract Management,2,Contract Complete,4,,Create E-Sales Order,29572,ASF,,,,
em114j,Add,AT&T Business,Global Enterprise Sales,ABF,2,Buy,2,Contract Management,2,Contract Complete,5,,Submit E-Sales Order,29572,ASF,,,,
em114j,Add,AT&T Business,Global Enterprise Sales,ABF,2,Buy,2,Contract Management,2,Contract Complete,6,,Manage DD & Order Details,29572,ASF,,,,
em114j,Add,AT&T Business,Service Delivery,ADI,2,Buy,4,Design Management,6,Design Complete,1,,Access Order,12672,ACMS - SPECIALS,,,,
em114j,Add,AT&T Business,Service Delivery,ADI,2,Buy,4,Design Management,6,Design Complete,1,"ACMS ->> PED 
ACMS ->> TIRKS
ACMS ->> EXACT
ACMS ->> TSNOW",Access Order,25938,ACMS,,,,
em114j,Add,AT&T Business,Service Delivery,ADI,2,Buy,4,Design Management,6,Design Complete,1,,Access Order,13346,BPP-ADT/ATW,,,,
em114j,Add,AT&T Business,Service Delivery,ADI,2,Buy,4,Design Management,6,Design Complete,1,,Access Order,13003,BPP - FACILITY,,,,
em114j,Add,AT&T Business,Service Delivery,ADI,2,Buy,4,Design Management,6,Design Complete,1,,Access Order,16994,CANOPI,,,,
em114j,Add,AT&T Business,Service Delivery,ADI,2,Buy,4,Design Management,6,Design Complete,1,,Access Order,13804,DCS,,,,
em114j,Add,AT&T Business,Service Delivery,ADI,2,Buy,4,Design Management,6,Design Complete,1,EFMS ->> ACMS: Access Order,Access Order,13537,EFMS,,,,
em114j,Add,AT&T Business,Service Delivery,ADI,2,Buy,4,Design Management,6,Design Complete,1,,Access Order,9325,EXMGR,,,,
em114j,Add,AT&T Business,Service Delivery,ADI,2,Buy,4,Design Management,6,Design Complete,1,,Access Order,351,MARS,,,,
em114j,Add,AT&T Business,Service Delivery,ADI,2,Buy,4,Design Management,6,Design Complete,1,,Access Order,12765,MDLRS,,,,
em114j,Add,AT&T Business,Service Delivery,ADI,2,Buy,4,Design Management,6,Design Complete,1,,Access Order,12653,NISE-CORE,,,,
em114j,Add,AT&T Business,Service Delivery,ADI,2,Buy,4,Design Management,6,Design Complete,1,,Access Order,19835,NISE-WFM,,,,
em114j,Add,AT&T Business,Service Delivery,ADI,2,Buy,4,Design Management,6,Design Complete,1,,Access Order,13758,OCS-SS,,,,
em114j,Add,AT&T Business,Service Delivery,ADI,2,Buy,4,Design Management,6,Design Complete,1,,Access Order,22011,OMX,,,,
em114j,Add,AT&T Business,Service Delivery,ADI,2,Buy,4,Design Management,6,Design Complete,1,,Access Order,24233,(FED) - OMX,,,,
em114j,Add,AT&T Business,Service Delivery,ADI,2,Buy,4,Design Management,6,Design Complete,1,,Access Order,21386,PED,,,,
em114j,Add,AT&T Business,Service Delivery,ADI,2,Buy,4,Design Management,6,Design Complete,1,,Access Order,13811,POCITS,,,,
em114j,Add,AT&T Business,Service Delivery,ADI,2,Buy,4,Design Management,6,Design Complete,1,SOTS ->> ACMS: Access Order,Access Order,13853,SOTS,,,,
em114j,Add,AT&T Business,Service Delivery,ADI,2,Buy,4,Design Management,6,Design Complete,1,,Access Order,595,TIRKS,,,,
em114j,Add,AT&T Business,Service Delivery,ADI,2,Buy,4,Design Management,6,Design Complete,1,OCX ->> ACMS: Access Order,Access Order,23326,OCX,,,,
em114j,Add,AT&T Business,Service Delivery,ADI,2,Buy,4,Design Management,6,Design Complete,1,,Access Order,21607,AERO,,,,
em114j,Add,AT&T Business,Service Delivery,ADI,2,Buy,4,Design Management,6,Design Complete,1,,Access Order,23718,EDF,,,,
em114j,Add,AT&T Business,Service Delivery,ADI,2,Buy,4,Design Management,6,Design Complete,2,"USRP ->> SOTS: Workflow Mgmt
USRP ->> OCX: Workflow Mgmt
USRP ->> EFMS: Workflow Mgmt",Manage Workflow,13703,USRP,,,,
em114j,Add,AT&T Business,Service Delivery,ADI,2,Buy,4,Design Management,6,Design Complete,2,,Manage Workflow,26121,R3:LAPS,,,,
em114j,Add,AT&T Business,Service Delivery,ADI,2,Buy,4,Design Management,6,Design Complete,2,,Manage Workflow,22097,CS WFBPM,,,,
em114j,Add,AT&T Business,Service Delivery,ADI,2,Buy,4,Design Management,6,Design Complete,2,,Manage Workflow,2027,GRETA,,,,
em114j,Add,AT&T Business,Service Delivery,ADI,2,Buy,4,Design Management,6,Design Complete,2,,Manage Workflow,18276,ICORE,,,,
em114j,Add,AT&T Business,Service Delivery,ADI,2,Buy,4,Design Management,6,Design Complete,2,,Manage Workflow,13200,NC3,,,,
em114j,Add,AT&T Business,Service Delivery,ADI,2,Buy,4,Design Management,6,Design Complete,2,,Manage Workflow,27213,UTMS,,,,
em114j,Add,AT&T Business,Service Delivery,ABF,3,Get,1,Order Management ,6,Design Complete,21,,Design,21607,AERO,,,,
em114j,Add,AT&T Business,Service Delivery,ASE,3,Get,2,Provisioning Management ,5,Design Complete,1,,Validate Service Availabilit,16994,CANOPI,,,,
em114j,Add,AT&T Business,Service Delivery,ASE,3,Get,2,Provisioning Management ,5,Design Complete,2,,Return Avaliability Validation Results,16994,CANOPI,,,,
em114j,Add,AT&T Business,Service Delivery,ASE,3,Get,2,Provisioning Management ,5,Design Complete,3,,Create Order,16994,CANOPI,,,,
em114j,Add,AT&T Business,Service Delivery,ASE,3,Get,2,Provisioning Management ,5,Design Complete,4,,Route Design Fallouts for Remediation,16994,CANOPI,,,,
em114j,Add,AT&T Business,Service Delivery,ASE,3,Get,2,Provisioning Management ,5,Design Complete,5,,Route Order Fallouts for Remediation,21607,AERO,,,,
em114j,Add,AT&T Business,Service Delivery,ASE,3,Get,2,Provisioning Management ,5,Design Complete,6,,Return Remediated Fallout Results,16994,CANOPI,,,,
em114j,Add,AT&T Business,Business Field Services,ADI,3,Get,2,Provisioning Management,1,Dispatch,1,,Order Dispatch,23718,EDF,,,,
em114j,Add,AT&T Business,Business Field Services,ADI,3,Get,2,Provisioning Management,1,Dispatch,1,,Order Dispatch,21607,AERO,,,,
em114j,Add,AT&T Business,Business Field Services,ADI,3,Get,2,Provisioning Management,1,Dispatch,1,,Order Dispatch,9325,EXMGR,,,,
em114j,Add,AT&T Business,Business Field Services,ADI,3,Get,2,Provisioning Management,1,Dispatch,1,,Order Dispatch,19062,EDGE,,,,
em114j,Add,AT&T Business,Business Field Services,ADI,3,Get,2,Provisioning Management,1,Dispatch,1,,Order Dispatch,13537,EFMS,,,,
em114j,Add,AT&T Business,Business Field Services,ADI,3,Get,2,Provisioning Management,1,Dispatch,1,,Order Dispatch,22510,GRID-AC,,,,
em114j,Add,AT&T Business,Business Field Services,ADI,3,Get,2,Provisioning Management,1,Dispatch,1,,Order Dispatch,13672,INSTAR,,,,
em114j,Add,AT&T Business,Business Field Services,ADI,3,Get,2,Provisioning Management,1,Dispatch,1,,Order Dispatch,23326,OCX,,,,
em114j,Add,AT&T Business,Business Field Services,ADI,3,Get,2,Provisioning Management,1,Dispatch,1,,Order Dispatch,24336,(FED) - OCX,,,,
em114j,Add,AT&T Business,Business Field Services,ADI,3,Get,2,Provisioning Management,1,Dispatch,1,,Order Dispatch,24233,(FED) - OMX,,,,
em114j,Add,AT&T Business,Business Field Services,ADI,3,Get,2,Provisioning Management,1,Dispatch,1,,Order Dispatch,13703,USRP,,,,
em114j,Add,AT&T Business,Business Field Services,ADI,3,Get,2,Provisioning Management,1,Dispatch,1,,Order Dispatch,22448,R3:SG,,,,
em114j,Add,AT&T Business,Business Field Services,ADI,3,Get,2,Provisioning Management,1,Dispatch,1,,Order Dispatch,25938,ACMS,,,,
em114j,Add,AT&T Business,Business Field Services,ADI,3,Get,2,Provisioning Management,1,Dispatch,1,,Order Dispatch,13853,SOTS,,,,
em114j,Add,AT&T Business,Business Field Services,ADI,3,Get,2,Provisioning Management,1,Dispatch,2,Dispatch Task Handler,Handle Dispatch Tasks,19705,FORCE-DCOE,,,,
em114j,Add,AT&T Business,Business Field Services,ADI,3,Get,2,Provisioning Management,1,Dispatch,2,Dispatch Task Handler,Handle Dispatch Tasks,2027,GRETA,,,,
em114j,Add,AT&T Business,Business Field Services,ADI,3,Get,2,Provisioning Management,1,Dispatch,2,Dispatch Task Handler,Handle Dispatch Tasks,641,WFA/C,,,,
em114j,Add,AT&T Business,Service Delivery,ABF,3,Get,2,Provisioning Management ,8,Dispatch,1,,Initiate Dispatch Request from Service Delivery Provisioning,595,TIRKS,,,,
em114j,Add,AT&T Business,Service Delivery,ABF,3,Get,2,Provisioning Management ,8,Dispatch,2,,Route Dispatch Request for Workforce Handling,595,TIRKS,,,,
em114j,Add,AT&T Business,Service Delivery,ABF,3,Get,2,Provisioning Management ,8,Dispatch,3,,Dispatch Work Order to Field Systems,595,TIRKS,,,,
em114j,Add,AT&T Business,Service Delivery,ABF,3,Get,2,Provisioning Management ,8,Dispatch,4,,Provide Network & Service Context for Dispatch Execution,595,TIRKS,,,,
em114j,Add,AT&T Business,Service Delivery,ABF,3,Get,2,Provisioning Management ,8,Dispatch,5,,Reference Network Inventory for Dispatch Alignment,595,TIRKS,,,,
em114j,Add,AT&T Business,Service Delivery,ABF,3,Get,2,Provisioning Management ,8,Dispatch,6,,Trigger Provisioning Fallout Handling if Dispatch Fails,641,WFA/C,,,,
em114j,Add,AT&T Business,Service Delivery,ABF,3,Get,2,Provisioning Management ,8,Dispatch,7,,Escalate provisioning fallout ,641,WFA/C,,,,
em114j,Add,AT&T Business,Service Delivery,ABF,3,Get,2,Provisioning Management ,8,Dispatch,8,,Handle fallout through guided process flows ,641,WFA/C,,,,
em114j,Add,AT&T Business,Service Delivery,ABF,3,Get,2,Provisioning Management ,8,Dispatch,9,,Log fallout resolution activity ,641,WFA/C,,,,
em114j,Add,AT&T Business,Service Delivery,ABF,3,Get,2,Provisioning Management ,8,Dispatch,10,,Close fallout actions and exceptions ,641,WFA/C,,,,
em114j,Add,AT&T Business,Service Delivery,ASE,3,Get,1,Order Management ,4,Manage Service Order,1,,Initiate Service Order Creation,14269,ROME,,,,
em114j,Add,AT&T Business,Service Delivery,ASE,3,Get,1,Order Management ,4,Manage Service Order,2,,Issue Service Order,224,ARIS/EXACT,,,,
em114j,Add,AT&T Business,Service Delivery,ASE,3,Get,1,Order Management ,4,Manage Service Order,3,,Create ASR/PSR,224,ARIS/EXACT,,,,
em114j,Add,AT&T Business,Service Delivery,ASE,3,Get,1,Order Management ,4,Manage Service Order,4,,Generate Service Order Record (SOR),224,ARIS/EXACT,,,,
em114j,Add,AT&T Business,Service Delivery,ASE,3,Get,1,Order Management ,4,Manage Service Order,5,,Submit Service Order to TIRKS,16994,CANOPI,,,,
em114j,Add,AT&T Business,Service Delivery,ASE,3,Get,1,Order Management ,4,Manage Service Order,6,,Submit Service Order to WFA,16994,CANOPI,,,,
em114j,Add,AT&T Business,Digital Experience,ABF,1,Learn,4,Sales Activity Management ,1,New Customer Order,1,,Browse ATTCOM,23015,ATTeBiz,,,,
em114j,Add,AT&T Business,Digital Experience,ABF,1,Learn,4,Sales Activity Management ,1,New Customer Order,2,,Sign in,23015,ATTeBiz,,,,
em114j,Add,AT&T Business,Digital Experience,ABF,1,Learn,4,Sales Activity Management ,1,New Customer Order,3,,Sign up,23015,ATTeBiz,,,,
em114j,Add,AT&T Business,Digital Experience,ABF,1,Learn,4,Sales Activity Management ,1,New Customer Order,4,,Verify Business Info,23015,ATTeBiz,,,,
em114j,Add,AT&T Business,Digital Experience,ABF,1,Learn,4,Sales Activity Management ,1,New Customer Order,5,,Check Service Availability,23015,ATTeBiz,,,,
em114j,Add,AT&T Business,Digital Experience,ABF,1,Learn,4,Sales Activity Management ,1,New Customer Order,6,,Select Fiber Speed,23015,ATTeBiz,,,,
em114j,Add,AT&T Business,Digital Experience,ABF,1,Learn,4,Sales Activity Management ,1,New Customer Order,7,,Select Add-Ons,23015,ATTeBiz,,,,
em114j,Add,AT&T Business,Digital Experience,ABF,1,Learn,4,Sales Activity Management ,1,New Customer Order,8,,Explore Pricing,23015,ATTeBiz,,,,
em114j,Add,AT&T Business,Digital Experience,ABF,1,Learn,4,Sales Activity Management ,1,New Customer Order,9,,"Review, Share and Save Cart Selections",23015,ATTeBiz,,,,
em114j,Add,AT&T Business,Digital Experience,ABF,1,Learn,4,Sales Activity Management ,1,New Customer Order,10,,Initiate Credit Check,23015,ATTeBiz,,,,
em114j,Add,AT&T Business,Digital Experience,ABF,1,Learn,4,Sales Activity Management ,1,New Customer Order,11,,Credit and Bill Preferences,23015,ATTeBiz,,,,
em114j,Add,AT&T Business,Digital Experience,ABF,1,Learn,4,Sales Activity Management ,1,New Customer Order,12,,Create Passcode,23015,ATTeBiz,,,,
em114j,Add,AT&T Business,Digital Experience,ABF,1,Learn,4,Sales Activity Management ,1,New Customer Order,13,,Review Order,23015,ATTeBiz,,,,
em114j,Add,AT&T Business,Digital Experience,ABF,1,Learn,4,Sales Activity Management ,1,New Customer Order,14,,Accept Terms,23015,ATTeBiz,,,,
em114j,Add,AT&T Business,Digital Experience,ABF,1,Learn,4,Sales Activity Management ,1,New Customer Order,15,,Receive Confirmation,23015,ATTeBiz,,,,
em114j,Add,AT&T Business,Digital Experience,ABF,1,Learn,4,Sales Activity Management ,1,New Customer Order,16,,Setup payment and communication preferences,23015,ATTeBiz,,,,
em114j,Add,AT&T Business,Digital Experience,ABF,1,Learn,4,Sales Activity Management ,1,New Customer Order,17,,View monthly bill,23015,ATTeBiz,,,,
em114j,Add,AT&T Business,Digital Experience,ABF,1,Learn,4,Sales Activity Management ,1,New Customer Order,18,,Update Payment method,23015,ATTeBiz,,,,
em114j,Add,AT&T Business,Digital Experience,ABF,1,Learn,4,Sales Activity Management ,1,New Customer Order,19,,Schedule Install,23015,ATTeBiz,,,,
em114j,Add,AT&T Business,Digital Experience,ABF,1,Learn,4,Sales Activity Management ,1,New Customer Order,20,,Provide Installation Contact,23015,ATTeBiz,,,,
em114j,Add,AT&T Business,Digital Experience,ABF,1,Learn,4,Sales Activity Management ,1,New Customer Order,21,,Confirm Install,23015,ATTeBiz,,,,
em114j,Add,AT&T Business,Digital Experience,ABF,1,Learn,4,Sales Activity Management ,1,New Customer Order,22,,Complete appointment checklist,23015,ATTeBiz,,,,
em114j,Add,AT&T Business,Digital Experience,ABF,1,Learn,4,Sales Activity Management ,1,New Customer Order,23,,myATT Registration,23015,ATTeBiz,,,,
em114j,Add,AT&T Business,Digital Experience,ABF,1,Learn,4,Sales Activity Management ,1,New Customer Order,24,,Answer site readiness questions,23015,ATTeBiz,,,,
em114j,Add,AT&T Business,Global Enterprise Sales,ADI,1,Learn,7,Sales Opportunity Management,1,Opportunity Create,1,,Initiate Opportunity,14269,ROME,,,,
em114j,Add,AT&T Business,Global Enterprise Sales,ADI,1,Learn,7,Sales Opportunity Management,1,Opportunity Create,1,Sales Express ->> ROME: Integrated DPPCO,Initiate Opportunity,22787,Sales Express,,,,
em114j,Add,AT&T Business,Global Enterprise Sales,ADI,1,Learn,7,Sales Opportunity Management,1,Opportunity Create,1,"CPC ->> Presales_SFDC
CPC ->> SalesExpress
CPC ->> ASF_Salesforce",Initiate Opportunity,17765,CPC,,,,
em114j,Add,AT&T Business,Global Enterprise Sales,ADI,1,Learn,7,Sales Opportunity Management,1,Opportunity Create,2,ASF - >> ROME: Integrated DPPCO,Intake and Opportunity Validation,29572,ASF,,,,
em114j,Add,AT&T Business,Global Enterprise Sales,ADI,1,Learn,7,Sales Opportunity Management,1,Opportunity Create,2,ARIS/EXACT ->> CPC: Exchange Access Control and Tracking Review,Intake and Opportunity Validation,224,ARIS/EXACT,,,,
em114j,Add,AT&T Business,Global Enterprise Sales,ADI,1,Learn,7,Sales Opportunity Management,1,Opportunity Create,2,FRVT ->> CPC: Fiber Routing and Virtualization Check,Intake and Opportunity Validation,24444,FRVT,,,,
em114j,Add,AT&T Business,Global Enterprise Sales,ADI,1,Learn,7,Sales Opportunity Management,1,Opportunity Create,2,,Intake and Opportunity Validation,26683,EIS,,,,
em114j,Add,AT&T Business,Global Enterprise Sales,ASE,1,Learn,6,Lead Managment ,1,Opportunity Create,1,,Initiate Opportunity Creatioin and Launch Pricer-D,29572,ASF,,,,
em114j,Add,AT&T Business,Global Enterprise Sales,ASE,1,Learn,6,Lead Managment ,1,Opportunity Create,2,,Validate Product Selection,29572,ASF,,,,
em114j,Add,AT&T Business,Global Enterprise Sales,OAH,1,Learn,7,Sales Opportunity Management ,1,Opportunity Create,1,,Select Oppty Type,29572,ASF,,,,
em114j,Add,AT&T Business,Global Enterprise Sales,HSIA,1,Learn,8,Discovery Management ,1,Opportunity Create,1,,Create ABF Sales Opportunity,29572,ASF,,,,
em114j,Add,AT&T Business,Global Enterprise Sales,ABF,1,Learn,8,Discovery Management ,1,Opportunity Create,2,,Qualify and Validate,29572,ASF,,,,
em114j,Add,AT&T Business,Global Enterprise Sales,ABF,1,Learn,8,Discovery Management ,1,Opportunity Create,3,,Collect pricing feed daily ,29572,ASF,,,,
em114j,Add,AT&T Business,Global Enterprise Sales,HSIA,1,Learn,8,Discovery Management ,1,Opportunity Create,4,,Add HSIA Opportunity,29572,ASF,,,,
em114j,Add,AT&T Business,Global Enterprise Sales,ASE,1,Learn,6,Lead Managment ,1,Opportunity Create,3,,Validate Service Address,29572,ASF,,,,
em114j,Add,AT&T Business,Global Enterprise Sales,ASE,1,Learn,6,Lead Managment ,1,Opportunity Create,4,,Engage NSS for Access Evaluation,29572,ASF,,,,
em114j,Add,AT&T Business,Global Enterprise Sales,ASE,1,Learn,6,Lead Managment ,1,Opportunity Create,5,,Request Contracting Support,29572,ASF,,,,
em114j,Add,AT&T Business,Global Enterprise Sales,ASE,1,Learn,6,Lead Managment ,1,Opportunity Create,6,,Initiate Contract Generation and Signature,29572,ASF,,,,
em114j,Add,AT&T Business,Global Enterprise Sales,ASE,1,Learn,6,Lead Managment ,1,Opportunity Create,7,,Send Contract for Electronic Signature,29572,ASF,,,,
em114j,Add,AT&T Business,Global Enterprise Sales,ASE,1,Learn,6,Lead Managment ,1,Opportunity Create,8,,Return Executed Contract,29572,ASF,,,,
em114j,Add,AT&T Business,Global Enterprise Sales,HSIA,2,Buy,5,Pricing Management ,1,Opportunity Create,5,,Pricing and Contracting,29572,ASF,,,,
em114j,Add,AT&T Business,Global Enterprise Sales,HSIA,2,Buy,5,Pricing Management ,1,Opportunity Create,6,,Pre-Qualify,29572,ASF,,,,
em114j,Add,AT&T Business,Global Enterprise Sales,HSIA,2,Buy,6,Proposal Management ,1,Opportunity Create,7,,Qualify and Validate,29572,ASF,,,,
em114j,Add,AT&T Business,Global Enterprise Sales,OAH,2,Buy,3,Sales Order Management ,5,Order Complete,1,,Create suborder,29572,ASF,,,,
em114j,Add,AT&T Business,Global Enterprise Sales,OAH,2,Buy,6,Proposal Management ,3,Proposal Create,1,,Select proposal type,29572,ASF,,,,
em114j,Add,AT&T Business,Global Enterprise Sales,OAH,2,Buy,6,Proposal Management ,3,Proposal Create,2,,Email proposal,29572,ASF,,,,
em114j,Add,AT&T Business,Service Delivery,ADI,3,Get,2,Provisioning Management,7,Provisioning Complete,1,,Pull Sales Order Data ,13537,EFMS,,,,
em114j,Add,AT&T Business,Service Delivery,ADI,3,Get,2,Provisioning Management,7,Provisioning Complete,1,,Pull Sales Order Data ,2027,GRETA,,,,
em114j,Add,AT&T Business,Service Delivery,ADI,3,Get,2,Provisioning Management,7,Provisioning Complete,1,,Pull Sales Order Data ,18276,ICORE,,,,
em114j,Add,AT&T Business,Service Delivery,ADI,3,Get,2,Provisioning Management,7,Provisioning Complete,1,,Pull Sales Order Data ,13758,OCS-SS,,,,
em114j,Add,AT&T Business,Service Delivery,ADI,3,Get,2,Provisioning Management,7,Provisioning Complete,1,EDF ->> OCX: Pull Sales Order Data,Pull Sales Order Data ,23718,EDF,,,,
em114j,Add,AT&T Business,Service Delivery,ADI,3,Get,2,Provisioning Management,7,Provisioning Complete,1,OCX ->>USRP: Service Order Submitted,Submit Service Order,23326,OCX,,,,
em114j,Add,AT&T Business,Service Delivery,ADI,3,Get,2,Provisioning Management,7,Provisioning Complete,2,,Initiate Service Order Provisioning,224,ARIS/EXACT,,,,
em114j,Add,AT&T Business,Service Delivery,ADI,3,Get,2,Provisioning Management,7,Provisioning Complete,2,,Initiate Service Order Provisioning,13346,BPP-ADT/ATW,,,,
em114j,Add,AT&T Business,Service Delivery,ADI,3,Get,2,Provisioning Management,7,Provisioning Complete,2,,Initiate Service Order Provisioning,13003,BPP - FACILITY,,,,
em114j,Add,AT&T Business,Service Delivery,ADI,3,Get,2,Provisioning Management,7,Provisioning Complete,2,,Initiate Service Order Provisioning,16994,CANOPI,,,,
em114j,Add,AT&T Business,Service Delivery,ADI,3,Get,2,Provisioning Management,7,Provisioning Complete,2,,Initiate Service Order Provisioning,13333,CNI CPT,,,,
em114j,Add,AT&T Business,Service Delivery,ADI,3,Get,2,Provisioning Management,7,Provisioning Complete,2,"USRP->>SOTS: Service Order Subitted
USRP->>EFMS-A: Port Assignment, USO, Ckt ID
USRP->>EFMS-W: Order Provisioning workflow management
USRP->>OMX: Digital Notifications
USRP->>OMX: OMX Scheduler
USRP->>OMX-UTH: Order Provisioning Workflow Management
USRP->>CANOPI: Order Provisioning Workflow Management
USRP->>TIRKS: Order Provisioning Workflow Management
USRP->>POCITS: Order Provisioning Workflow Management
USRP->>GRETA: Order Provisioning Workflow Management
USRP->>PED: Order Provisioning Workflow Management",Initiate Service Order Provisioning,13703,USRP,,,,
em114j,Add,AT&T Business,Service Delivery,ADI,3,Get,2,Provisioning Management,7,Provisioning Complete,2,,Initiate Service Order Provisioning,13804,DCS,,,,
em114j,Add,AT&T Business,Service Delivery,ADI,3,Get,2,Provisioning Management,7,Provisioning Complete,3,"BGW ->> UB
BGW ->> OMX-UTH: Order Provisioning Workflow Management
BGW ->> CANOPI: Order Provisioning Workflow Management
BGW ->> TIRKS: Order Provisioning Workflow Management
BGW ->> POCITS: Order Provisioning Workflow Management
BGW ->> GRETA: Order Provisioning Workflow Management
BGW ->> PED: Order Provisioning Workflow Management",Manage Order Provisioining,14106,BGW,,,,
em114j,Add,AT&T Business,Service Delivery,ADI,3,Get,2,Provisioning Management,7,Provisioning Complete,3,"OMX ->> OMX-UTH: Order Provisioning Workflow Management
OMX ->> CANOPI: Order Provisioning Workflow Management
OMX ->> TIRKS: Order Provisioning Workflow Management
OMX ->> POCITS: Order Provisioning Workflow Management
OMX ->> GRETA: Order Provisioning Workflow Management
OMX ->> PED: Order Provisioning Workflow Management",Manage Order Provisioining ,22011,OMX,,,,
em114j,Add,AT&T Business,Service Delivery,ADI,3,Get,2,Provisioning Management,7,Provisioning Complete,3,,Manage Order Provisioining ,24233,(FED) - OMX,,,,
em114j,Add,AT&T Business,Service Delivery,ADI,3,Get,2,Provisioning Management,7,Provisioning Complete,3,,Manage Order Provisioining ,21386,PED,,,,
em114j,Add,AT&T Business,Service Delivery,ADI,3,Get,2,Provisioning Management,7,Provisioning Complete,3,,Manage Order Provisioining ,13853,SOTS,,,,
em114j,Add,AT&T Business,Service Delivery,ADI,3,Get,2,Provisioning Management,7,Provisioning Complete,3,,Manage Order Provisioining ,595,TIRKS,,,,
em114j,Add,AT&T Business,Service Delivery,ADI,3,Get,2,Provisioning Management,7,Provisioning Complete,3,,Manage Order Provisioining ,12555,TSNOW-GUI,,,,
em114j,Add,AT&T Business,Service Delivery,ADI,3,Get,2,Provisioning Management,7,Provisioning Complete,3,,Manage Order Provisioining ,19840,TSNOW-OSDSI,,,,
em114j,Add,AT&T Business,Service Delivery,ADI,3,Get,2,Provisioning Management,7,Provisioning Complete,3,,Manage Order Provisioining ,641,WFA/C,,,,
em114j,Add,AT&T Business,Service Delivery,ADI,3,Get,2,Provisioning Management,7,Provisioning Complete,3,,Manage Order Provisioining ,22097,CS WFBPM,,,,
em114j,Add,AT&T Business,Service Delivery,ADI,3,Get,2,Provisioning Management,7,Provisioning Complete,3,,Manage Order Provisioining ,27213,UTMS,,,,
em114j,Add,AT&T Business,Service Delivery,ADI,3,Get,2,Provisioning Management,7,Provisioning Complete,3,,Manage Order Provisioining ,13200,NC3,,,,
em114j,Add,AT&T Business,Service Delivery,ADI,3,Get,2,Provisioning Management,7,Provisioning Complete,3,,Manage Order Provisioining ,22448,R3:SG,,,,
em114j,Add,AT&T Business,Service Delivery,ADI,3,Get,2,Provisioning Management,7,Provisioning Complete,3,,Manage Order Provisioining ,19705,FORCE-DCOE,,,,
em114j,Add,AT&T Business,Service Delivery,ASE,3,Get,2,Provisioning Management ,6,Provisioning Complete ,1,,Initiate Build and Completion Workflow Order Orchestration,21386,PED,,,,
em114j,Add,AT&T Business,Service Delivery,ASE,3,Get,2,Provisioning Management ,6,Provisioning Complete ,2,,Initiate Build and Completion Workflow Order Network Design,21386,PED,,,,
em114j,Add,AT&T Business,Service Delivery,ASE,3,Get,2,Provisioning Management ,6,Provisioning Complete ,3,,Manage Order Workflow (Design Driven),16994,CANOPI,,,,
em114j,Add,AT&T Business,Service Delivery,ASE,3,Get,2,Provisioning Management ,6,Provisioning Complete ,4,,Manage Order Workflow (Order-Flow Driven),16994,CANOPI,,,,
em114j,Add,AT&T Business,Service Delivery,ASE,3,Get,2,Provisioning Management ,6,Provisioning Complete ,5,,Manage Order Workflow (Network Driven),16994,CANOPI,,,,
em114j,Add,AT&T Business,Service Delivery,ASE,3,Get,2,Provisioning Management ,6,Provisioning Complete ,6,,Execute Provisioning Management,16994,CANOPI,,,,
em114j,Add,AT&T Business,Service Delivery,ASE,3,Get,2,Provisioning Management ,6,Provisioning Complete ,7,,Update Circuit Info in Network Sys Legacy Inventory,13537,EFMS,,,,
em114j,Add,AT&T Business,Service Delivery,ASE,3,Get,2,Provisioning Management ,6,Provisioning Complete ,8,,Update Circuit Info in Network Sys Core Inventory,13537,EFMS,,,,
em114j,Add,AT&T Business,Service Delivery,ABF,3,Get,2,Provisioning Management ,7,Provisioning Complete ,1,,Convert Sales Order to Service Delivery,29333,BBW,,,,
em114j,Add,AT&T Business,Service Delivery,ABF,3,Get,2,Provisioning Management ,7,Provisioning Complete ,2,,Capture Customer Direct Service Order,23015,ATTeBiz,,,,
em114j,Add,AT&T Business,Service Delivery,ABF,3,Get,2,Provisioning Management ,7,Provisioning Complete ,3,,Capture Mobility Customer Direct Service Order,18257,OPUS - C,,,,
em114j,Add,AT&T Business,Service Delivery,ABF,3,Get,2,Provisioning Management ,7,Provisioning Complete ,4,,Submit Sellers Direct Service Order,10056,LS CRM,,,,
em114j,Add,AT&T Business,Service Delivery,ABF,3,Get,2,Provisioning Management ,7,Provisioning Complete ,5,,Assign Ordering and CPE Assignment/ DD Details,10056,LS CRM,,,,
em114j,Add,AT&T Business,Service Delivery,ABF,3,Get,2,Provisioning Management ,7,Provisioning Complete ,6,,Pass Order Notification,10038,LS-OMS,,,,
em114j,Add,AT&T Business,Service Delivery,ABF,3,Get,2,Provisioning Management ,7,Provisioning Complete ,7,,"Notify E911, Directory, and CID Updates",10038,LS-OMS,,,,
em114j,Add,AT&T Business,Service Delivery,ABF,3,Get,2,Provisioning Management ,7,Provisioning Complete ,8,,Provision Service Resources,595,TIRKS,,,,
em114j,Add,AT&T Business,Service Delivery,ABF,3,Get,2,Provisioning Management ,7,Provisioning Complete ,9,,Update Network Inventory,23718,EDF,,,,
em114j,Add,AT&T Business,Service Delivery,ABF,3,Get,2,Provisioning Management ,7,Provisioning Complete ,10,,Update Network Inventory,16994,CANOPI,,,,
em114j,Add,AT&T Business,Service Delivery,ABF,3,Get,2,Provisioning Management ,7,Provisioning Complete ,11,,Update Service Inventory,10417,G2,,,,
em114j,Add,AT&T Business,Service Delivery,ABF,3,Get,2,Provisioning Management ,7,Provisioning Complete ,12,,Trigger Provisioning Fallout Handling,16188,BBNMS-LS,,,,
em114j,Add,AT&T Business,Service Delivery,ABF,3,Get,2,Provisioning Management ,7,Provisioning Complete ,13,,Load Billing Data after Contract Signature,22015,Pricer-D,,,,
em114j,Add,AT&T Business,Service Delivery,ABF,3,Get,2,Provisioning Management ,7,Provisioning Complete ,14,,Pass Order Notification for Billing Setup,10038,LS-OMS,,,,
em114j,Add,AT&T Business,Service Delivery,ABF,3,Get,2,Provisioning Management ,7,Provisioning Complete ,15,,Create Billing Account & Setup Records,595,TIRKS,,,,
em114j,Add,AT&T Business,Service Delivery,ABF,3,Get,2,Provisioning Management ,7,Provisioning Complete ,16,,Trigger Billing Activation,13792,UB,,,,
em114j,Add,AT&T Business,Service Delivery,ABF,3,Get,2,Provisioning Management ,7,Provisioning Complete ,17,,Distribute Inventory Data to Service Delievery Ordering,16188,BBNMS-LS,,,,
em114j,Add,AT&T Business,Service Delivery,ABF,3,Get,2,Provisioning Management ,7,Provisioning Complete ,18,,Distribute Inventory Data to Service Delievery Provisioning,16188,BBNMS-LS,,,,
em114j,Add,AT&T Business,Global Enterprise Sales,OAH,2,Buy,5,Pricing Management ,2,Quote,1,,Click quick link tab,29572,ASF,,,,
em114j,Add,AT&T Business,Global Enterprise Sales,OAH,2,Buy,5,Pricing Management ,2,Quote,2,,Create quote,29572,ASF,,,,
em114j,Add,AT&T Business,Global Enterprise Sales,OAH,2,Buy,5,Pricing Management ,2,Quote,3,,Select OH product,29572,ASF,,,,
em114j,Add,AT&T Business,Global Enterprise Sales,OAH,2,Buy,5,Pricing Management ,2,Quote,4,,Select contract term,29572,ASF,,,,
em114j,Add,AT&T Business,Global Enterprise Sales,OAH,2,Buy,5,Pricing Management ,2,Quote,5,,Enter quantity,29572,ASF,,,,
em114j,Add,AT&T Business,Global Enterprise Sales,OAH,2,Buy,5,Pricing Management ,2,Quote,6,,Configure equipment and shipping,29572,ASF,,,,
em114j,Add,AT&T Business,Global Enterprise Sales,OAH,2,Buy,5,Pricing Management ,2,Quote,7,,Select edition,29572,ASF,,,,
em114j,Add,AT&T Business,Global Enterprise Sales,OAH,2,Buy,5,Pricing Management ,2,Quote,8,,Select equipment brand,29572,ASF,,,,
em114j,Add,AT&T Business,Global Enterprise Sales,OAH,2,Buy,5,Pricing Management ,2,Quote,9,,Select equipment type,29572,ASF,,,,
em114j,Add,AT&T Business,Global Enterprise Sales,OAH,2,Buy,5,Pricing Management ,2,Quote,10,,Enter equipment quantity,29572,ASF,,,,
em114j,Add,AT&T Business,Global Enterprise Sales,OAH,2,Buy,5,Pricing Management ,2,Quote,11,,Add items to cart summary,29572,ASF,,,,
em114j,Add,AT&T Business,Global Enterprise Sales,ADI,2,Buy,2,Sales Order Management,3,Sales Order Create,1,EDF ->>OCX: Inform OMX of Order,Validate Contract & Data ,23718,EDF,,,,
em114j,Add,AT&T Business,Global Enterprise Sales,ADI,2,Buy,2,Sales Order Management,3,Sales Order Create,1,"ADOPT->>SSDF:Search Contract 
ADOPT ->> EDF: Enter and Validate Additional Data
ADOPT ->> EDF: Load Solution to EDF
ADOPT ->> IGLOO: Enter and Validate Additional Data",Validate Contract & Data ,14377,ADOPT,,,,
em114j,Add,AT&T Business,Global Enterprise Sales,ADI,2,Buy,2,Sales Order Management,3,Sales Order Create,1,,Validate Contract & Data ,23007,SSDF,,,,
em114j,Add,AT&T Business,Global Enterprise Sales,ADI,2,Buy,2,Sales Order Management,3,Sales Order Create,1,"SalesExpress ->> SSDF:Search Contract 
SalesExpress ->> EDF: Enter and Validate Additional Data  
SalesExpress ->> IGLOO: Enter and Validate Additional Data",Validate Contract & Data ,22787,Sales Express,,,,
em114j,Add,AT&T Business,Global Enterprise Sales,ADI,2,Buy,2,Sales Order Management,3,Sales Order Create,1,,Validate Contract & Data ,23326,OCX,,,,
em114j,Add,AT&T Business,Global Enterprise Sales,ADI,2,Buy,2,Sales Order Management,3,Sales Order Create,1,,Validate Contract & Data ,27567,(FED) - IGLOO,,,,
em114j,Add,AT&T Business,Global Enterprise Sales,ADI,2,Buy,2,Sales Order Management,3,Sales Order Create,1,"ASF ->> APS: Validate Contract
ASF ->> EDF: Enter and Validate Additional Data
ASF ->> IGLOO: Enter and Validate Additional Data
ASF ->> ATTCOMM: Flow to ServiceNow",Validate Contract & Data ,24336,(FED) - OCX,,,,
em114j,Add,AT&T Business,Global Enterprise Sales,ADI,2,Buy,2,Sales Order Management,3,Sales Order Create,1,,Validate Contract & Data ,14269,ROME,,,,
em114j,Add,AT&T Business,Global Enterprise Sales,ADI,2,Buy,2,Sales Order Management,3,Sales Order Create,1,,Validate Contract & Data ,13540,ASOC,,,,
em114j,Add,AT&T Business,Global Enterprise Sales,ADI,2,Buy,2,Sales Order Management,3,Sales Order Create,1,,Validate Contract & Data ,22597,DATARTR,,,,
em114j,Add,AT&T Business,Global Enterprise Sales,ADI,2,Buy,2,Sales Order Management,3,Sales Order Create,1,,Validate Contract & Data ,17765,CPC,,,,
em114j,Add,AT&T Business,Global Enterprise Sales,ADI,2,Buy,2,Sales Order Management,3,Sales Order Create,1,,Validate Contract & Data ,14038,ESIGN,,,,
em114j,Add,AT&T Business,Global Enterprise Sales,ADI,2,Buy,2,Sales Order Management,3,Sales Order Create,1,,Validate Contract & Data ,14106,BGW,,,,
em114j,Add,AT&T Business,Global Enterprise Sales,ADI,2,Buy,2,Sales Order Management,3,Sales Order Create,1,,Validate Contract & Data ,12997,CADM,,,,
em114j,Add,AT&T Business,Global Enterprise Sales,ADI,2,Buy,2,Sales Order Management,3,Sales Order Create,1,,Validate Contract & Data ,12654,C-BUS,,,,
em114j,Add,AT&T Business,Global Enterprise Sales,ADI,2,Buy,2,Sales Order Management,3,Sales Order Create,1,,Validate Contract & Data ,13662,DOCVIEWER,,,,
em114j,Add,AT&T Business,Global Enterprise Sales,ADI,2,Buy,2,Sales Order Management,3,Sales Order Create,1,,Validate Contract & Data ,27226,MyPrice,,,,
em114j,Add,AT&T Business,Global Enterprise Sales,ADI,2,Buy,2,Sales Order Management,3,Sales Order Create,1,,Validate Contract & Data ,30359,NEXXUS,,,,
em114j,Add,AT&T Business,Global Enterprise Sales,ADI,2,Buy,2,Sales Order Management,3,Sales Order Create,1,,Validate Contract & Data ,13792,UB,,,,
em114j,Add,AT&T Business,Global Enterprise Sales,ADI,2,Buy,2,Sales Order Management,3,Sales Order Create,1,,Validate Contract & Data ,28605,AT&T-Power BI,,,,
em114j,Add,AT&T Business,Global Enterprise Sales,ADI,2,Buy,2,Sales Order Management,3,Sales Order Create,1,,Validate Contract & Data ,13537,EFMS,,,,
em114j,Add,AT&T Business,Global Enterprise Sales,ADI,2,Buy,2,Sales Order Management,3,Sales Order Create,1,,Validate Contract & Data ,24336,(FED) - OCX,,,,
em114j,Add,AT&T Business,Global Enterprise Sales,ADI,2,Buy,2,Sales Order Management,3,Sales Order Create,1,,Validate Contract & Data ,15242,CAFE,,,,
em114j,Add,AT&T Business,Global Enterprise Sales,ADI,2,Buy,2,Sales Order Management,3,Sales Order Create,1,,Validate Contract & Data ,13541,B2BIGW,,,,
em114j,Add,AT&T Business,Global Enterprise Sales,ADI,2,Buy,2,Sales Order Management,3,Sales Order Create,1,,Validate Contract & Data ,23015,ATTeBiz,,,,
em114j,Add,AT&T Business,Global Enterprise Sales,ADI,2,Buy,2,Sales Order Management,3,Sales Order Create,1,,Validate Contract & Data ,26683,EIS,,,,
em114j,Add,AT&T Business,Global Enterprise Sales,ADI,2,Buy,2,Sales Order Management,3,Sales Order Create,1,,Validate Contract & Data ,19375,OVALS GIS,,,,
em114j,Add,AT&T Business,Global Enterprise Sales,ABF,2,Buy,3,Sales Order Management ,3,Sales Order Create,1,,Qualify & Validate Sales Order Data,23015,ATTeBiz,,,,
em114j,Add,AT&T Business,Global Enterprise Sales,ASE,2,Buy,3,Sales Order Management ,3,Sales Order Create,1,,Send ASR and ASR/LEASR Validaton Feed,29572,ASF,,,,
em114j,Add,AT&T Business,Global Enterprise Sales,ABF,2,Buy,3,Sales Order Management ,3,Sales Order Create,2,,Qualify & Validate Sales Order Details,23015,ATTeBiz,,,,
em114j,Add,AT&T Business,Global Enterprise Sales,ASE,2,Buy,3,Sales Order Management ,3,Sales Order Create,2,,Submit Address Validation Request SOAP XML,29572,ASF,,,,
em114j,Add,AT&T Business,Global Enterprise Sales,ABF,2,Buy,3,Sales Order Management ,3,Sales Order Create,3,,Qualify & Validiate Service Configuration,18257,OPUS - C,,,,
em114j,Add,AT&T Business,Global Enterprise Sales,ASE,2,Buy,3,Sales Order Management ,3,Sales Order Create,3,,Route Address Validation Message,29572,ASF,,,,
em114j,Add,AT&T Business,Global Enterprise Sales,ABF,2,Buy,3,Sales Order Management ,3,Sales Order Create,4,,Generate  Pricing Feed & Transmit Daily Pricing batch,14269,ROME,,,,
em114j,Add,AT&T Business,Global Enterprise Sales,ASE,2,Buy,3,Sales Order Management ,3,Sales Order Create,4,,Validate Address,29572,ASF,,,,
em114j,Add,AT&T Business,Global Enterprise Sales,ABF,2,Buy,3,Sales Order Management ,3,Sales Order Create,5,,Submit Sales order to Service Delivery,29333,BBW,,,,
em114j,Add,AT&T Business,Global Enterprise Sales,ASE,2,Buy,3,Sales Order Management ,3,Sales Order Create,5,,Submit ASR Inquiry & Updates,29572,ASF,,,,
em114j,Add,AT&T Business,Global Enterprise Sales,HSIA,2,Buy,3,Sales Order Management ,3,Sales Order Create,1,,Validate Service Address,29572,ASF,,,,
em114j,Add,AT&T Business,Global Enterprise Sales,ASE,2,Buy,3,Sales Order Management ,3,Sales Order Create,6,,Submit ASR/DLR Inquiry,29572,ASF,,,,
em114j,Add,AT&T Business,Global Enterprise Sales,ASE,2,Buy,3,Sales Order Management ,3,Sales Order Create,7,,Submit Service Order Inquiry,29572,ASF,,,,
em114j,Add,AT&T Business,Global Enterprise Sales,ASE,2,Buy,3,Sales Order Management ,3,Sales Order Create,8,,Retrieve Service Order Details,29572,ASF,,,,
em114j,Add,AT&T Business,Global Enterprise Sales,HSIA,2,Buy,3,Sales Order Management ,3,Sales Order Create,4,,Create HSIA-E Sales Order,29572,ASF,,,,
em114j,Add,AT&T Business,Global Enterprise Sales,ASE,2,Buy,3,Sales Order Management ,3,Sales Order Create,9,,Request Fiber Fast Info,29572,ASF,,,,
em114j,Add,AT&T Business,Global Enterprise Sales,HSIA,2,Buy,3,Sales Order Management ,3,Sales Order Create,5,,Order HSIA-E  to Service Delivery,29572,ASF,,,,
em114j,Add,AT&T Business,Global Enterprise Sales,ASE,2,Buy,3,Sales Order Management ,3,Sales Order Create,10,,Request Circuit Inquiry & Status,29572,ASF,,,,
em114j,Add,AT&T Business,Global Enterprise Sales,HSIA,2,Buy,3,Sales Order Management ,3,Sales Order Create,6,,Submit HSIA-E  for Service Delivery,29572,ASF,,,,
em114j,Add,AT&T Business,Global Enterprise Sales,ASE,2,Buy,3,Sales Order Management ,3,Sales Order Create,11,,Request Bill View & CSR Inquiry,29572,ASF,,,,
em114j,Add,AT&T Business,Global Enterprise Sales,ASE,2,Buy,3,Sales Order Management ,3,Sales Order Create,12,,Request Service Availability,29572,ASF,,,,
em114j,Add,AT&T Business,Global Enterprise Sales,ASE,2,Buy,3,Sales Order Management ,3,Sales Order Create,13,,Launch Solution Config,29572,ASF,,,,
em114j,Add,AT&T Business,Global Enterprise Sales,ASE,2,Buy,3,Sales Order Management ,3,Sales Order Create,14,,Retrive Oppty Details & Service Availability,29572,ASF,,,,
em114j,Add,AT&T Business,Global Enterprise Sales,ASE,2,Buy,3,Sales Order Management ,3,Sales Order Create,15,,Return Completed Solution Details,29572,ASF,,,,
em114j,Add,AT&T Business,Global Enterprise Sales,ASE,2,Buy,3,Sales Order Management ,3,Sales Order Create,16,,Load Rate Letter & SSSF Data,29572,ASF,,,,
em114j,Add,AT&T Business,Global Enterprise Sales,ASE,2,Buy,3,Sales Order Management ,3,Sales Order Create,17,,Search & Update Inventory Indentifiers,29572,ASF,,,,
em114j,Add,AT&T Business,Global Enterprise Sales,ASE,2,Buy,3,Sales Order Management ,3,Sales Order Create,18,,Write Order to EFD for Service Order Creation,29572,ASF,,,,
em114j,Add,AT&T Business,Global Enterprise Sales,ASE,2,Buy,3,Sales Order Management ,3,Sales Order Create,19,,Notify NSS and Load AIS Data,29572,ASF,,,,
em114j,Add,AT&T Business,Global Enterprise Sales,ASE,2,Buy,3,Sales Order Management ,3,Sales Order Create,20,,Update Solution Design,29572,ASF,,,,
em114j,Add,AT&T Business,Global Enterprise Sales,HSIA,2,Buy,5,Pricing Management ,3,Sales Order Create,2,,Pre-qualify Customer & Service Eligibility,29572,ASF,,,,
em114j,Add,AT&T Business,Global Enterprise Sales,HSIA,2,Buy,5,Pricing Management ,3,Sales Order Create,3,,Price HSIA-E service,29572,ASF,,,,
em114j,Add,AT&T Business,Digital Experience,CRU,2,Buy,3,Sales Order Management ,1,Sales Order CRU,1,,Sign up,23015,ATTeBiz,,,,
em114j,Add,AT&T Business,Digital Experience,CRU,2,Buy,3,Sales Order Management ,1,Sales Order CRU,2,,Verify Business Info,23015,ATTeBiz,,,,
em114j,Add,AT&T Business,Digital Experience,CRU,2,Buy,3,Sales Order Management ,1,Sales Order CRU,3,,Choose between plans,23015,ATTeBiz,,,,
em114j,Add,AT&T Business,Digital Experience,CRU,2,Buy,3,Sales Order Management ,1,Sales Order CRU,4,,Select Device,23015,ATTeBiz,,,,
em114j,Add,AT&T Business,Digital Experience,CRU,2,Buy,3,Sales Order Management ,1,Sales Order CRU,5,,Choose between plans,23015,ATTeBiz,,,,
em114j,Add,AT&T Business,Digital Experience,CRU,2,Buy,3,Sales Order Management ,1,Sales Order CRU,6,,Add ons,23015,ATTeBiz,,,,
em114j,Add,AT&T Business,Digital Experience,CRU,2,Buy,3,Sales Order Management ,1,Sales Order CRU,7,,"Review, Share and Save Cart Selections",23015,ATTeBiz,,,,
em114j,Add,AT&T Business,Digital Experience,CRU,2,Buy,3,Sales Order Management ,1,Sales Order CRU,8,,Initiate Credit Check,23015,ATTeBiz,,,,
em114j,Add,AT&T Business,Digital Experience,CRU,2,Buy,3,Sales Order Management ,1,Sales Order CRU,9,,Credit and Bill Preferences,23015,ATTeBiz,,,,
em114j,Add,AT&T Business,Digital Experience,CRU,2,Buy,3,Sales Order Management ,1,Sales Order CRU,10,,review and Accept Mobile Business Agreement,23015,ATTeBiz,,,,
em114j,Add,AT&T Business,Digital Experience,CRU,2,Buy,3,Sales Order Management ,1,Sales Order CRU,11,,Review and submit order,23015,ATTeBiz,,,,
em114j,Add,AT&T Business,Digital Experience,CRU,2,Buy,3,Sales Order Management ,1,Sales Order CRU,12,,Receive Confirmation and Estimated Delivery Date,23015,ATTeBiz,,,,
em114j,Add,AT&T Business,Digital Experience,CRU,2,Buy,3,Sales Order Management ,1,Sales Order CRU,13,,Perform onboarding se4tup,23015,ATTeBiz,,,,
em114j,Add,AT&T Business,Digital Experience,CRU,2,Buy,3,Sales Order Management ,1,Sales Order CRU,14,,MDM transfer/Set-up,23015,ATTeBiz,,,,
em114j,Add,AT&T Business,Service Delivery,ADI,3,Get,2,Provisioning Management,9,Service Activation Complete,1,,Service Activation Complete,23223,(FED) - AOTS,,,,
em114j,Add,AT&T Business,Service Delivery,ADI,3,Get,2,Provisioning Management,9,Service Activation Complete,1,"BGW ->> CADM: Service Activation System
BGW ->> UBAM: Service Activation System",Service Activation Complete,14106,BGW,,,,
em114j,Add,AT&T Business,Service Delivery,ADI,3,Get,2,Provisioning Management,9,Service Activation Complete,1,,Service Activation Complete,13830,BMP,,,,
em114j,Add,AT&T Business,Service Delivery,ADI,3,Get,2,Provisioning Management,9,Service Activation Complete,1,,Service Activation Complete,12997,CADM,,,,
em114j,Add,AT&T Business,Service Delivery,ADI,3,Get,2,Provisioning Management,9,Service Activation Complete,1,,Service Activation Complete,22097,CS WFBPM,,,,
em114j,Add,AT&T Business,Service Delivery,ADI,3,Get,2,Provisioning Management,9,Service Activation Complete,1,Service Activation System,Service Activation Complete,16994,CANOPI,,,,
em114j,Add,AT&T Business,Service Delivery,ADI,3,Get,2,Provisioning Management,9,Service Activation Complete,1,Service Activation System,Service Activation Complete,13537,EFMS,,,,
em114j,Add,AT&T Business,Service Delivery,ADI,3,Get,2,Provisioning Management,9,Service Activation Complete,1,,Service Activation Complete,27435,UBAM,,,,
em114j,Add,AT&T Business,Service Delivery,ADI,3,Get,2,Provisioning Management,9,Service Activation Complete,1,,Service Activation Complete,19705,FORCE-DCOE,,,,
em114j,Add,AT&T Business,Service Delivery,ADI,3,Get,2,Provisioning Management,9,Service Activation Complete,1,,Service Activation Complete,13740,ICT,,,,
em114j,Add,AT&T Business,Service Delivery,ADI,3,Get,2,Provisioning Management,9,Service Activation Complete,1,,Service Activation Complete,13672,INSTAR,,,,
em114j,Add,AT&T Business,Service Delivery,ADI,3,Get,2,Provisioning Management,9,Service Activation Complete,1,,Service Activation Complete,13200,NC3,,,,
em114j,Add,AT&T Business,Service Delivery,ADI,3,Get,2,Provisioning Management,9,Service Activation Complete,1,Service Activation System,Service Activation Complete,19835,NISE-WFM,,,,
em114j,Add,AT&T Business,Service Delivery,ADI,3,Get,2,Provisioning Management,9,Service Activation Complete,1,,Service Activation Complete,13758,OCS-SS,,,,
em114j,Add,AT&T Business,Service Delivery,ADI,3,Get,2,Provisioning Management,9,Service Activation Complete,1,,Service Activation Complete,13792,UB,,,,
em114j,Add,AT&T Business,Service Delivery,ADI,3,Get,2,Provisioning Management,9,Service Activation Complete,1,Provisioning system,Service Activation Complete,19808,WMS-NT,,,,
em114j,Add,AT&T Business,Service Delivery,ADI,3,Get,2,Provisioning Management,9,Service Activation Complete,1,Provisioning system,Service Activation Complete,25376,WMS - FDC/PDC - FedEx,,,,
em114j,Add,AT&T Business,Service Delivery,ADI,3,Get,2,Provisioning Management,9,Service Activation Complete,1,Provisioning system,Service Activation Complete,26683,EIS,,,,
em114j,Add,AT&T Business,Service Delivery,ADI,3,Get,2,Provisioning Management,9,Service Activation Complete,1,,Service Activation Complete,24336,(FED) - OCX,,,,
em114j,Add,AT&T Business,Service Delivery,ADI,3,Get,2,Provisioning Management,9,Service Activation Complete,1,,Service Activation Complete,23326,OCX,,,,
em114j,Add,AT&T Business,Service Delivery,ADI,3,Get,2,Provisioning Management,9,Service Activation Complete,1,,Service Activation Complete,22011,OMX,,,,
em114j,Add,AT&T Business,Service Delivery,ADI,3,Get,2,Provisioning Management,9,Service Activation Complete,1,,Service Activation Complete,24233,(FED) - OMX,,,,
em114j,Add,AT&T Business,Service Delivery,ADI,3,Get,2,Provisioning Management,9,Service Activation Complete,1,,Service Activation Complete,19835,NISE-WFM,,,,
em114j,Add,AT&T Business,Service Delivery,ADI,3,Get,2,Provisioning Management,9,Service Activation Complete,1,,Service Activation Complete,21607,AERO,,,,
em114j,Add,AT&T Business,Service Delivery,ADI,3,Get,2,Provisioning Management,9,Service Activation Complete,1,,Service Activation Complete,18276,ICORE,,,,
em114j,Add,AT&T Business,Service Delivery,ASE,3,Get,2,Provisioning Management ,7,Service Activation Complete,1,,Submit New Orders,224,ARIS/EXACT,,,,
em114j,Add,AT&T Business,Service Delivery,ASE,3,Get,2,Provisioning Management ,7,Service Activation Complete,2,,Prepare Orders for Provisioning & Inventory,224,ARIS/EXACT,,,,
em114j,Add,AT&T Business,Service Delivery,ASE,3,Get,2,Provisioning Management ,7,Service Activation Complete,3,,Provision Circuit,16994,CANOPI,,,,
em114j,Add,AT&T Business,Service Delivery,ASE,3,Get,2,Provisioning Management ,7,Service Activation Complete,4,,Update Inventory Records,16994,CANOPI,,,,
em114j,Add,AT&T Business,Service Delivery,ASE,3,Get,2,Provisioning Management ,7,Service Activation Complete,5,,Manage Activation Workflow,641,WFA/C,,,,
em114j,Add,AT&T Business,Service Delivery,ASE,3,Get,2,Provisioning Management ,7,Service Activation Complete,6,,Trigger Billling to Regional Billers,20353,SORDS,,,,
em114j,Add,AT&T Business,Service Delivery,ASE,3,Get,2,Provisioning Management ,7,Service Activation Complete,7,,Process Billing Records,20353,SORDS,,,,
em114j,Add,AT&T Business,Service Delivery,ASE,3,Get,2,Provisioning Management ,7,Service Activation Complete,8,,Post Billings Records,20353,SORDS,,,,
em114j,Add,AT&T Business,Service Delivery,ASE,3,Get,2,Provisioning Management ,7,Service Activation Complete,9,,Route Activation Fallouts,21607,AERO,,,,
em114j,Add,AT&T Business,Service Delivery,ABF,4,Use,2,Provisioning Management ,9,Service Activation Complete,1,,Send field completion and billing activity details ,641,WFA/C,,,,
em114j,Add,AT&T Business,Service Delivery,ABF,4,Use,2,Provisioning Management ,9,Service Activation Complete,2,,Provide service activation updates,641,WFA/C,,,,
em114j,Add,AT&T Business,Service Delivery,ABF,4,Use,2,Provisioning Management ,9,Service Activation Complete,3,,Provide billing account activation inputs ,641,WFA/C,,,,
em114j,Add,AT&T Business,Service Delivery,ABF,4,Use,2,Provisioning Management ,9,Service Activation Complete,4,,Aggregate activation and billing readiness data ,641,WFA/C,,,,
em114j,Add,AT&T Business,Service Delivery,ABF,4,Use,2,Provisioning Management ,9,Service Activation Complete,5,,Notify billing system of service activation ,641,WFA/C,,,,
em114j,Add,AT&T Business,Service Delivery,ABF,4,Use,2,Provisioning Management ,9,Service Activation Complete,6,,Pass order activation notification ,641,WFA/C,,,,
em114j,Add,AT&T Business,Service Delivery,ABF,4,Use,2,Provisioning Management ,9,Service Activation Complete,7,,Notify dispatch activity completion ,641,WFA/C,,,,
em114j,Add,AT&T Business,Service Delivery,ABF,4,Use,2,Provisioning Management ,9,Service Activation Complete,8,,Trigger billing enablement for activated service ,641,WFA/C,,,,
em114j,Add,AT&T Business,Service Assurance,ADI,6,Support,1,Incident Management,10,Service Assurance,10,,Service Assurance,13672,INSTAR,,,,
em114j,Add,AT&T Business,Service Assurance,ADI,6,Support,1,Incident Management,10,Service Assurance,10,,Service Assurance,20215,UTG,,,,
em114j,Add,AT&T Business,Service Assurance,ADI,6,Support,1,Incident Management,10,Service Assurance,10,,Service Assurance,641,WFA/C,,,,
em114j,Add,AT&T Business,Service Assurance,ADI,6,Support,1,Incident Management,10,Service Assurance,10,,Service Assurance,19062,EDGE,,,,
em114j,Add,AT&T Business,Service Assurance,ADI,6,Support,1,Incident Management,10,Service Assurance,10,,Service Assurance,17052,RUBY,,,,
em114j,Add,AT&T Business,Service Assurance,ADI,6,Support,1,Incident Management,10,Service Assurance,10,,Service Assurance,13830,BMP,,,,
em114j,Add,AT&T Business,Service Assurance,ADI,6,Support,1,Incident Management,10,Service Assurance,10,,Service Assurance,29001,BSET,,,,
em114j,Add,AT&T Business,Service Assurance,ADI,6,Support,1,Incident Management,10,Service Assurance,10,,Service Assurance,14866,ECOP,,,,
em114j,Add,AT&T Business,Service Assurance,ADI,6,Support,1,Incident Management,10,Service Assurance,10,,Service Assurance,23223,(FED) - AOTS,,,,
em114j,Add,AT&T Business,Service Assurance,ADI,6,Support,1,Incident Management,10,Service Assurance,10,,Service Assurance,19808,WMS-NT,,,,
em114j,Add,AT&T Business,Service Assurance,ADI,6,Support,1,Incident Management,10,Service Assurance,10,,Service Assurance,25376,WMS - FDC/PDC - FedEx,,,,
em114j,Add,AT&T Business,Service Assurance,ADI,6,Support,1,Incident Management,10,Service Assurance,10,,Service Assurance,2027,GRETA,,,,
em114j,Add,AT&T Business,Service Assurance,ADI,6,Support,1,Incident Management,10,Service Assurance,10,,Service Assurance,595,TIRKS,,,,
em114j,Add,AT&T Business,Service Assurance,ADI,6,Support,1,Incident Management,10,Service Assurance,10,,Service Assurance,12555,TSNOW-GUI,,,,
em114j,Add,AT&T Business,Service Assurance,ADI,6,Support,1,Incident Management,10,Service Assurance,10,,Service Assurance,19840,TSNOW-OSDSI,,,,
em114j,Add,AT&T Business,Service Assurance,ADI,6,Support,1,Incident Management,10,Service Assurance,10,,Service Assurance,19835,NISE-WFM,,,,
em114j,Add,AT&T Business,Service Assurance,ADI,6,Support,1,Incident Management,10,Service Assurance,10,,Service Assurance,16994,CANOPI,,,,
em114j,Add,AT&T Business,Service Assurance,ADI,6,Support,1,Incident Management,10,Service Assurance,10,,Service Assurance,24336,(FED) - OCX,,,,
em114j,Add,AT&T Business,Service Assurance,ADI,6,Support,1,Incident Management,10,Service Assurance,10,,Service Assurance,23326,OCX,,,,
em114j,Add,AT&T Business,Service Assurance,ADI,6,Support,1,Incident Management,10,Service Assurance,10,,Service Assurance,22011,OMX,,,,
em114j,Add,AT&T Business,Service Assurance,ADI,6,Support,1,Incident Management,10,Service Assurance,10,,Service Assurance,24233,(FED) - OMX,,,,
em114j,Add,AT&T Business,Service Assurance,ADI,6,Support,1,Incident Management,10,Service Assurance,10,,Service Assurance,19402,Ciena ESM,,,,
em114j,Add,AT&T Business,Service Assurance,ADI,6,Support,1,Incident Management,10,Service Assurance,10,,Service Assurance,32406,Radview,,,,
em114j,Add,AT&T Business,Service Assurance,ADI,6,Support,1,Incident Management,10,Service Assurance,10,,Service Assurance,18737,Tarantella,,,,
em114j,Add,AT&T Business,Service Assurance,ADI,6,Support,1,Incident Management,10,Service Assurance,10,,Service Assurance,4615,NMA,,,,
em114j,Add,AT&T Business,Service Assurance,ADI,6,Support,1,Incident Management,10,Service Assurance,10,,Service Assurance,13853,SOTS,,,,
em114j,Add,AT&T Business,Service Assurance,ADI,6,Support,1,Incident Management,10,Service Assurance,10,,Service Assurance,28875,GoSET,,,,
em114j,Add,AT&T Business,Service Assurance,ADI,6,Support,1,Incident Management,10,Service Assurance,10,,Service Assurance,30230,GDUI,,,,
em114j,Add,AT&T Business,Service Assurance,ADI,6,Support,1,Incident Management,10,Service Assurance,10,,Service Assurance,18881,NetDB,,,,
em114j,Add,AT&T Business,Service Assurance,ADI,6,Support,1,Incident Management,10,Service Assurance,10,,Service Assurance,18833,UNAD,,,,
em114j,Add,AT&T Business,Service Assurance,ADI,6,Support,1,Incident Management,10,Service Assurance,10,,Service Assurance,13001,SARTS,,,,
em114j,Add,AT&T Business,Service Assurance,ADI,6,Support,1,Incident Management,10,Service Assurance,10,,Service Assurance,481,REACT,,,,
em114j,Add,AT&T Business,Service Assurance,ADI,6,Support,1,Incident Management,10,Service Assurance,10,,Service Assurance,16688,INC,,,,
em114j,Add,AT&T Business,Service Assurance,ADI,6,Support,1,Incident Management,10,Service Assurance,10,,Service Assurance,13760,DACS-OSS,,,,
em114j,Add,AT&T Business,Service Assurance,ADI,6,Support,1,Incident Management,10,Service Assurance,10,,Service Assurance,12833,TMAS,,,,
em114j,Add,AT&T Business,Service Assurance,ADI,6,Support,1,Incident Management,10,Service Assurance,10,,Service Assurance,19705,FORCE-DCOE,,,,
em114j,Add,AT&T Business,Service Assurance,ADI,6,Support,1,Incident Management,10,Service Assurance,10,,Service Assurance,19982,STCL,,,,
em114j,Add,AT&T Business,Service Assurance,ADI,6,Support,1,Incident Management,10,Service Assurance,10,,Service Assurance,17443,GTAC,,,,
em114j,Add,AT&T Business,Service Assurance,ADI,6,Support,1,Incident Management,10,Service Assurance,10,,Service Assurance,12543,1641SX,,,,
em114j,Add,AT&T Business,Service Assurance,ADI,6,Support,1,Incident Management,10,Service Assurance,10,,Service Assurance,16995,CTP-CTC,,,,
em114j,Add,AT&T Business,Service Assurance,ADI,6,Support,1,Incident Management,10,Service Assurance,10,,Service Assurance,20051,DACS-EMS,,,,
em114j,Add,AT&T Business,Service Assurance,ADI,6,Support,1,Incident Management,10,Service Assurance,10,,Service Assurance,10438,CISCO-CTM-METRO,,,,
em114j,Add,AT&T Business,Service Assurance,ADI,6,Support,1,Incident Management,10,Service Assurance,10,,Service Assurance,26683,EIS,,,,
em114j,Add,AT&T Business,Service Assurance,ADI,6,Support,1,Incident Management,10,Service Assurance,10,,Service Assurance,31842,GICECAP-CNIAM,,,,
em114j,Add,AT&T Business,Service Assurance,ADI,6,Support,1,Incident Management,10,Service Assurance,10,,Service Assurance,29640,GTAC - S,,,,
em114j,Add,AT&T Business,Service Assurance,ADI,6,Support,1,Incident Management,10,Service Assurance,10,,Service Assurance,12470,CTP,,,,
em114j,Add,AT&T Business,Service Assurance,ADI,6,Support,1,Incident Management,10,Service Assurance,10,,Service Assurance,14131,DEMS/DARICS,,,,
em114j,Add,AT&T Business,Service Assurance,ADI,6,Support,1,Incident Management,10,Service Assurance,10,,Service Assurance,32438,CART-DIAGNOSE,,,,
em114j,Add,AT&T Business,Service Assurance,ADI,6,Support,1,Incident Management,10,Service Assurance,10,,Service Assurance,26280,GCSBPO,,,,
em114j,Add,AT&T Business,Service Assurance,ADI,6,Support,1,Incident Management,10,Service Assurance,10,,Service Assurance,16172,BERT,,,,
em114j,Add,AT&T Business,Service Assurance,ADI,6,Support,1,Incident Management,10,Service Assurance,10,,Service Assurance,27489,C3,,,,
em114j,Add,AT&T Business,Service Assurance,ADI,6,Support,1,Incident Management,10,Service Assurance,10,,Service Assurance,30186,PIXI,,,,
em114j,Add,AT&T Business,Service Assurance,ADI,6,Support,1,Incident Management,10,Service Assurance,10,,Service Assurance,30928,3i,,,,
em114j,Add,AT&T Business,Service Assurance,ADI,6,Support,1,Incident Management,10,Service Assurance,10,,Service Assurance,22470,AET,,,,
em114j,Add,AT&T Business,Service Assurance,ADI,6,Support,1,Incident Management,10,Service Assurance,10,,Service Assurance,26197,Athena,,,,
em114j,Add,AT&T Business,Service Delivery,ADI,3,Get,1,Order Management,4,Service Order ,1,"EDF ->> OMX: Retrieve Sales Order
EDF ->> ATTCOMM: Retrieve Sales Order",Retrieve Sales Order,23718,EDF,,,,
em114j,Add,AT&T Business,Service Delivery,ADI,3,Get,1,Order Management,4,Service Order ,2,ROME ->> Service Order,Service Order Create ,14269,ROME,,,,
em114j,Add,AT&T Business,Service Delivery,ADI,3,Get,1,Order Management,4,Service Order ,2,ASF ->> EDF,Service Order Create ,29572,ASF,,,,
em114j,Add,AT&T Business,Service Delivery,ADI,3,Get,1,Order Management,4,Service Order ,2,"OMX ->> ASCI_GCP: Get Circuit ID assignment
OMX ->> AERO: Create fallout tasks
OMX ->> AERO: Write fallouts to CTH
OMX ->> UTMS: Create fallout tasks
OMX ->> ASOC: MLDB address validation
OMX ->> OMS: Trigger Order Create Field level validation etc.
OMX ->> OMS: Create Order IDs and Write orders
",Service Order Create ,22011,OMX,,,,
em114j,Add,AT&T Business,Service Delivery,ADI,3,Get,1,Order Management,4,Service Order ,2,,Service Order Create ,13540,ASOC,,,,
em114j,Add,AT&T Business,Service Delivery,ADI,3,Get,1,Order Management,4,Service Order ,2,"OMS ->>ASOC: Get ACDD and other dates and checks
OMS ->> OCX: IOD pulls LAN info and other order info
OMS ->> OMX: Notifies OMX of new orders",Service Order Create ,14106,BGW,,,,
em114j,Add,AT&T Business,Service Delivery,ADI,3,Get,1,Order Management,4,Service Order ,2,,Service Order Create ,17765,CPC,,,,
em114j,Add,AT&T Business,Service Delivery,ADI,3,Get,1,Order Management,4,Service Order ,2,,Service Order Create ,20188,CSI - Network Management,,,,
em114j,Add,AT&T Business,Service Delivery,ADI,3,Get,1,Order Management,4,Service Order ,2,,Service Order Create ,27213,UTMS,,,,
em114j,Add,AT&T Business,Service Delivery,ADI,3,Get,1,Order Management,4,Service Order ,2,,Service Order Create ,13537,EFMS,,,,
em114j,Add,AT&T Business,Service Delivery,ADI,3,Get,1,Order Management,4,Service Order ,2,,Service Order Create ,20741,IOS,,,,
em114j,Add,AT&T Business,Service Delivery,ADI,3,Get,1,Order Management,4,Service Order ,2,,Service Order Create ,24336,(FED) - OCX,,,,
em114j,Add,AT&T Business,Service Delivery,ADI,3,Get,1,Order Management,4,Service Order ,2,,Service Order Create ,24233,(FED) - OMX,,,,
em114j,Add,AT&T Business,Service Delivery,ADI,3,Get,1,Order Management,4,Service Order ,2,,Service Order Create ,19375,OVALS GIS,,,,
em114j,Add,AT&T Business,Service Delivery,ADI,3,Get,1,Order Management,4,Service Order ,2,,Service Order Create ,13703,USRP,,,,
em114j,Add,AT&T Business,Service Delivery,ADI,3,Get,1,Order Management,4,Service Order ,2,,Service Order Create ,22510,GRID-AC,,,,
em114j,Add,AT&T Business,Service Delivery,ADI,3,Get,1,Order Management,4,Service Order ,2,,Service Order Create ,31502,ATTCOMM,,,,
em114j,Add,AT&T Business,Service Delivery,ADI,3,Get,1,Order Management,4,Service Order ,3,"OCX ->> USRP: Informs downstream systems to retrieve order
OCX ->> OCSS: Informs downstream systems to retrieve order
OCX ->> ACMS: Informs downstream systems to retrieve order
OCX ->> BGW: Informs downstream systems to retrieve order
OCX ->> BGW: Billing Data Pushed
OCX ->> CAMO: Informs downstream systems to retrieve order
OCX ->> EFMS: Informs downstream systems to retrieve order
OCX ->> GRID-AC: Writes Data into Data reposities for Extraction and reporting
OCX ->> SXP: Writes Data into Data reposities for Extraction and reporting
OCX ->> IOS: Writes Data into Data reposities for Extraction and reporting",Distribute Orders and Record Data,23326,OCX,,,,
em114j,Add,AT&T Business,Service Delivery,ADI,3,Get,1,Order Management,5,Service Order ,4,"USRP ->> OCSS: ATX Order
USRP ->> ACMS: Access Order
USRP ->> INSTAR: Network Order
USRP ->> CAMO: Router Order
USRP ->> NC3: Router Order",Service Order Submit,13703,USRP,,,,
em114j,Add,AT&T Business,Service Delivery,ADI,3,Get,1,Order Management,5,Service Order ,4,,Service Order Submit,21607,AERO,,,,
em114j,Add,AT&T Business,Service Delivery,ADI,3,Get,1,Order Management,5,Service Order ,4,,Service Order Submit,14106,BGW,,,,
em114j,Add,AT&T Business,Service Delivery,ADI,3,Get,1,Order Management,5,Service Order ,4,,Service Order Submit,22097,CS WFBPM,,,,
em114j,Add,AT&T Business,Service Delivery,ADI,3,Get,1,Order Management,5,Service Order ,4,,Service Order Submit,13537,EFMS,,,,
em114j,Add,AT&T Business,Service Delivery,ADI,3,Get,1,Order Management,5,Service Order ,4,,Service Order Submit,9325,EXMGR,,,,
em114j,Add,AT&T Business,Service Delivery,ADI,3,Get,1,Order Management,5,Service Order ,4,,Service Order Submit,22510,GRID-AC,,,,
em114j,Add,AT&T Business,Service Delivery,ADI,3,Get,1,Order Management,5,Service Order ,4,,Service Order Submit,13672,INSTAR,,,,
em114j,Add,AT&T Business,Service Delivery,ADI,3,Get,1,Order Management,5,Service Order ,4,,Service Order Submit,13200,NC3,,,,
em114j,Add,AT&T Business,Service Delivery,ADI,3,Get,1,Order Management,5,Service Order ,4,,Service Order Submit,19835,NISE-WFM,,,,
em114j,Add,AT&T Business,Service Delivery,ADI,3,Get,1,Order Management,5,Service Order ,4,,Service Order Submit,13758,OCS-SS,,,,
em114j,Add,AT&T Business,Service Delivery,ADI,3,Get,1,Order Management,5,Service Order ,4,,Service Order Submit,22011,OMX,,,,
em114j,Add,AT&T Business,Service Delivery,ABF,3,Get,1,Order Management ,4,Service Order Create,1,,Convert Sales Order to Service Delivery  ,29333,BBW,,,,
em114j,Add,AT&T Business,Service Delivery,ABF,3,Get,1,Order Management ,4,Service Order Create,2,,Capture Customer Direct Service Order,23015,ATTeBiz,,,,
em114j,Add,AT&T Business,Service Delivery,ABF,3,Get,1,Order Management ,4,Service Order Create,3,,Capture Mobility Customer Direct Service Order,18257,OPUS - C,,,,
em114j,Add,AT&T Business,Service Delivery,ABF,3,Get,1,Order Management ,4,Service Order Create,4,,Submit Sellers Direct Service Order,29333,BBW,,,,
em114j,Add,AT&T Business,Service Delivery,ABF,3,Get,1,Order Management ,4,Service Order Create,5,,Assign Ordering and CPE Assignment/ DD Details,10056,LS CRM,,,,
em114j,Add,AT&T Business,Service Delivery,ABF,3,Get,1,Order Management ,4,Service Order Create,6,,"Notify E911, Directory, & Caller ID Updates",10038,LS-OMS,,,,
em114j,Add,AT&T Business,Service Delivery,ABF,3,Get,1,Order Management ,4,Service Order Create,7,,Provision Service Resources,16188,BBNMS-LS,,,,
em114j,Add,AT&T Business,Service Delivery,ABF,3,Get,1,Order Management ,4,Service Order Create,8,,Update Service Inventory,9723,GRANITE,,,,
em114j,Add,AT&T Business,Service Delivery,ABF,3,Get,1,Order Management ,4,Service Order Create,9,,Update Network Inventory,9723,GRANITE,,,,
em114j,Add,AT&T Business,Service Delivery,ABF,3,Get,1,Order Management ,4,Service Order Create,10,,Update Network Inventory,9723,GRANITE,,,,
em114j,Add,AT&T Business,Service Delivery,ABF,3,Get,1,Order Management ,4,Service Order Submit,11,,Convert Sales Order to Service Delivery  ,29333,BBW,,,,
em114j,Add,AT&T Business,Service Delivery,ABF,3,Get,1,Order Management ,4,Service Order Submit,12,,Capture Customer Direct Service Order,23015,ATTeBiz,,,,
em114j,Add,AT&T Business,Service Delivery,ABF,3,Get,1,Order Management ,4,Service Order Submit,13,,Capture Mobility Customer Direct Service Order,18257,OPUS - C,,,,
em114j,Add,AT&T Business,Service Delivery,ABF,3,Get,1,Order Management ,4,Service Order Submit,14,,Submit Sellers Direct Service Order,29333,BBW,,,,
em114j,Add,AT&T Business,Service Delivery,ABF,3,Get,1,Order Management ,4,Service Order Submit,15,,Assign Ordering and CPE Assignment/ DD Details,10056,LS CRM,,,,
em114j,Add,AT&T Business,Service Delivery,ABF,3,Get,1,Order Management ,4,Service Order Submit,16,,"Notify E911, Directory, & Caller ID Updates",10038,LS-OMS,,,,
em114j,Add,AT&T Business,Service Delivery,ABF,3,Get,1,Order Management ,4,Service Order Submit,17,,Provision Service Resources,16188,BBNMS-LS,,,,
em114j,Add,AT&T Business,Service Delivery,ABF,3,Get,1,Order Management ,4,Service Order Submit,18,,Update Service Inventory,9723,GRANITE,,,,
em114j,Add,AT&T Business,Service Delivery,ABF,3,Get,1,Order Management ,4,Service Order Submit,19,,Update Network Inventory,9723,GRANITE,,,,
em114j,Add,AT&T Business,Service Delivery,ABF,3,Get,1,Order Management ,4,Service Order Submit,20,,Update Network Inventory,9723,GRANITE,,,,
,,,,,,,,,,,,,,,,,,,
,,,,,,,,,,,,,,,,,,,
,,,,,,,,,,,,,,,,,,,
,,,,,,,,,,,,,,,,,,,
,,,,,,,,,,,,,,,,,,,
,,,,,,,,,,,,,,,,,,,
,,,,,,,,,,,,,,,,,,,
,,,,,,,,,,,,,,,,,,,
,,,,,,,,,,,,,,,,,,,
,,,,,,,,,,,,,,,,,,,
,,,,,,,,,,,,,,,,,,,
,,,,,,,,,,,,,,,,,,,
,,,,,,,,,,,,,,,,,,,
,,,,,,,,,,,,,,,,,,,
,,,,,,,,,,,,,,,,,,,
,,,,,,,,,,,,,,,,,,,
,,,,,,,,,,,,,,,,,,,
,,,,,,,,,,,,,,,,,,,
,,,,,,,,,,,,,,,,,,,
,,,,,,,,,,,,,,,,,,,
,,,,,,,,,,,,,,,,,,,
,,,,,,,,,,,,,,,,,,,
,,,,,,,,,,,,,,,,,,,
,,,,,,,,,,,,,,,,,,,
,,,,,,,,,,,,,,,,,,,
,,,,,,,,,,,,,,,,,,,
,,,,,,,,,,,,,,,,,,,
,,,,,,,,,,,,,,,,,,,
,,,,,,,,,,,,,,,,,,,
,,,,,,,,,,,,,,,,,,,
,,,,,,,,,,,,,,,,,,,
,,,,,,,,,,,,,,,,,,,
,,,,,,,,,,,,,,,,,,,
,,,,,,,,,,,,,,,,,,,
,,,,,,,,,,,,,,,,,,,
,,,,,,,,,,,,,,,,,,,
,,,,,,,,,,,,,,,,,,,
,,,,,,,,,,,,,,,,,,,
,,,,,,,,,,,,,,,,,,,
,,,,,,,,,,,,,,,,,,,
,,,,,,,,,,,,,,,,,,,
,,,,,,,,,,,,,,,,,,,
,,,,,,,,,,,,,,,,,,,
,,,,,,,,,,,,,,,,,,,
,,,,,,,,,,,,,,,,,,,
,,,,,,,,,,,,,,,,,,,
,,,,,,,,,,,,,,,,,,,
,,,,,,,,,,,,,,,,,,,
,,,,,,,,,,,,,,,,,,,
,,,,,,,,,,,,,,,,,,,
,,,,,,,,,,,,,,,,,,,
,,,,,,,,,,,,,,,,,,,
,,,,,,,,,,,,,,,,,,,
,,,,,,,,,,,,,,,,,,,
,,,,,,,,,,,,,,,,,,,
,,,,,,,,,,,,,,,,,,,
,,,,,,,,,,,,,,,,,,,
,,,,,,,,,,,,,,,,,,,
,,,,,,,,,,,,,,,,,,,
,,,,,,,,,,,,,,,,,,,
,,,,,,,,,,,,,,,,,,,
,,,,,,,,,,,,,,,,,,,
,,,,,,,,,,,,,,,,,,,
,,,,,,,,,,,,,,,,,,,
,,,,,,,,,,,,,,,,,,,
,,,,,,,,,,,,,,,,,,,
,,,,,,,,,,,,,,,,,,,
,,,,,,,,,,,,,,,,,,,
,,,,,,,,,,,,,,,,,,,
,,,,,,,,,,,,,,,,,,,
,,,,,,,,,,,,,,,,,,,
,,,,,,,,,,,,,,,,,,,
,,,,,,,,,,,,,,,,,,,
,,,,,,,,,,,,,,,,,,,
,,,,,,,,,,,,,,,,,,,
,,,,,,,,,,,,,,,,,,,
,,,,,,,,,,,,,,,,,,,
,,,,,,,,,,,,,,,,,,,
,,,,,,,,,,,,,,,,,,,
,,,,,,,,,,,,,,,,,,,
,,,,,,,,,,,,,,,,,,,
,,,,,,,,,,,,,,,,,,,
,,,,,,,,,,,,,,,,,,,
,,,,,,,,,,,,,,,,,,,
,,,,,,,,,,,,,,,,,,,
,,,,,,,,,,,,,,,,,,,
,,,,,,,,,,,,,,,,,,,
,,,,,,,,,,,,,,,,,,,
,,,,,,,,,,,,,,,,,,,
,,,,,,,,,,,,,,,,,,,
,,,,,,,,,,,,,,,,,,,
,,,,,,,,,,,,,,,,,,,
,,,,,,,,,,,,,,,,,,,
,,,,,,,,,,,,,,,,,,,
,,,,,,,,,,,,,,,,,,,
,,,,,,,,,,,,,,,,,,,
,,,,,,,,,,,,,,,,,,,
,,,,,,,,,,,,,,,,,,,
,,,,,,,,,,,,,,,,,,,
,,,,,,,,,,,,,,,,,,,
,,,,,,,,,,,,,,,,,,,
,,,,,,,,,,,,,,,,,,,
,,,,,,,,,,,,,,,,,,,
,,,,,,,,,,,,,,,,,,,
,,,,,,,,,,,,,,,,,,,
,,,,,,,,,,,,,,,,,,,
,,,,,,,,,,,,,,,,,,,
,,,,,,,,,,,,,,,,,,,
,,,,,,,,,,,,,,,,,,,
,,,,,,,,,,,,,,,,,,,
,,,,,,,,,,,,,,,,,,,
,,,,,,,,,,,,,,,,,,,
,,,,,,,,,,,,,,,,,,,
,,,,,,,,,,,,,,,,,,,
,,,,,,,,,,,,,,,,,,,
,,,,,,,,,,,,,,,,,,,
,,,,,,,,,,,,,,,,,,,
,,,,,,,,,,,,,,,,,,,
,,,,,,,,,,,,,,,,,,,
,,,,,,,,,,,,,,,,,,,
,,,,,,,,,,,,,,,,,,,
,,,,,,,,,,,,,,,,,,,
,,,,,,,,,,,,,,,,,,,
,,,,,,,,,,,,,,,,,,,
,,,,,,,,,,,,,,,,,,,
,,,,,,,,,,,,,,,,,,,
,,,,,,,,,,,,,,,,,,,
,,,,,,,,,,,,,,,,,,,
,,,,,,,,,,,,,,,,,,,
,,,,,,,,,,,,,,,,,,,
,,,,,,,,,,,,,,,,,,,
,,,,,,,,,,,,,,,,,,,
,,,,,,,,,,,,,,,,,,,
,,,,,,,,,,,,,,,,,,,
,,,,,,,,,,,,,,,,,,,
,,,,,,,,,,,,,,,,,,,
,,,,,,,,,,,,,,,,,,,
,,,,,,,,,,,,,,,,,,,
,,,,,,,,,,,,,,,,,,,
,,,,,,,,,,,,,,,,,,,
,,,,,,,,,,,,,,,,,,,
,,,,,,,,,,,,,,,,,,,
,,,,,,,,,,,,,,,,,,,
,,,,,,,,,,,,,,,,,,,
,,,,,,,,,,,,,,,,,,,
,,,,,,,,,,,,,,,,,,,
,,,,,,,,,,,,,,,,,,,
,,,,,,,,,,,,,,,,,,,
,,,,,,,,,,,,,,,,,,,
,,,,,,,,,,,,,,,,,,,
,,,,,,,,,,,,,,,,,,,
,,,,,,,,,,,,,,,,,,,
,,,,,,,,,,,,,,,,,,,
,,,,,,,,,,,,,,,,,,,
,,,,,,,,,,,,,,,,,,,
,,,,,,,,,,,,,,,,,,,
,,,,,,,,,,,,,,,,,,,
,,,,,,,,,,,,,,,,,,,
,,,,,,,,,,,,,,,,,,,
,,,,,,,,,,,,,,,,,,,
,,,,,,,,,,,,,,,,,,,
,,,,,,,,,,,,,,,,,,,
,,,,,,,,,,,,,,,,,,,
,,,,,,,,,,,,,,,,,,,
,,,,,,,,,,,,,,,,,,,
,,,,,,,,,,,,,,,,,,,
,,,,,,,,,,,,,,,,,,,
,,,,,,,,,,,,,,,,,,,
,,,,,,,,,,,,,,,,,,,
,,,,,,,,,,,,,,,,,,,
,,,,,,,,,,,,,,,,,,,
,,,,,,,,,,,,,,,,,,,
,,,,,,,,,,,,,,,,,,,
,,,,,,,,,,,,,,,,,,,
,,,,,,,,,,,,,,,,,,,
,,,,,,,,,,,,,,,,,,,
,,,,,,,,,,,,,,,,,,,
,,,,,,,,,,,,,,,,,,,
,,,,,,,,,,,,,,,,,,,
,,,,,,,,,,,,,,,,,,,
,,,,,,,,,,,,,,,,,,,
,,,,,,,,,,,,,,,,,,,
,,,,,,,,,,,,,,,,,,,
,,,,,,,,,,,,,,,,,,,
,,,,,,,,,,,,,,,,,,,
,,,,,,,,,,,,,,,,,,,
,,,,,,,,,,,,,,,,,,,
,,,,,,,,,,,,,,,,,,,
,,,,,,,,,,,,,,,,,,,
,,,,,,,,,,,,,,,,,,,
,,,,,,,,,,,,,,,,,,,
,,,,,,,,,,,,,,,,,,,
,,,,,,,,,,,,,,,,,,,
,,,,,,,,,,,,,,,,,,,
,,,,,,,,,,,,,,,,,,,
,,,,,,,,,,,,,,,,,,,
,,,,,,,,,,,,,,,,,,,
,,,,,,,,,,,,,,,,,,,
,,,,,,,,,,,,,,,,,,,
,,,,,,,,,,,,,,,,,,,
,,,,,,,,,,,,,,,,,,,
,,,,,,,,,,,,,,,,,,,
,,,,,,,,,,,,,,,,,,,
,,,,,,,,,,,,,,,,,,,
,,,,,,,,,,,,,,,,,,,
,,,,,,,,,,,,,,,,,,,
,,,,,,,,,,,,,,,,,,,
,,,,,,,,,,,,,,,,,,,
,,,,,,,,,,,,,,,,,,,
,,,,,,,,,,,,,,,,,,,
,,,,,,,,,,,,,,,,,,,
,,,,,,,,,,,,,,,,,,,
,,,,,,,,,,,,,,,,,,,
,,,,,,,,,,,,,,,,,,,
,,,,,,,,,,,,,,,,,,,
,,,,,,,,,,,,,,,,,,,
,,,,,,,,,,,,,,,,,,,
,,,,,,,,,,,,,,,,,,,
,,,,,,,,,,,,,,,,,,,
,,,,,,,,,,,,,,,,,,,
,,,,,,,,,,,,,,,,,,,
,,,,,,,,,,,,,,,,,,,
,,,,,,,,,,,,,,,,,,,
,,,,,,,,,,,,,,,,,,,
,,,,,,,,,,,,,,,,,,,
,,,,,,,,,,,,,,,,,,,
,,,,,,,,,,,,,,,,,,,
,,,,,,,,,,,,,,,,,,,
,,,,,,,,,,,,,,,,,,,
,,,,,,,,,,,,,,,,,,,
,,,,,,,,,,,,,,,,,,,
,,,,,,,,,,,,,,,,,,,
,,,,,,,,,,,,,,,,,,,
,,,,,,,,,,,,,,,,,,,
,,,,,,,,,,,,,,,,,,,
,,,,,,,,,,,,,,,,,,,
,,,,,,,,,,,,,,,,,,,
,,,,,,,,,,,,,,,,,,,
,,,,,,,,,,,,,,,,,,,
,,,,,,,,,,,,,,,,,,,
,,,,,,,,,,,,,,,,,,,
,,,,,,,,,,,,,,,,,,,
,,,,,,,,,,,,,,,,,,,
,,,,,,,,,,,,,,,,,,,
,,,,,,,,,,,,,,,,,,,
,,,,,,,,,,,,,,,,,,,
,,,,,,,,,,,,,,,,,,,
,,,,,,,,,,,,,,,,,,,
,,,,,,,,,,,,,,,,,,,
,,,,,,,,,,,,,,,,,,,
,,,,,,,,,,,,,,,,,,,
,,,,,,,,,,,,,,,,,,,
,,,,,,,,,,,,,,,,,,,
,,,,,,,,,,,,,,,,,,,
,,,,,,,,,,,,,,,,,,,
,,,,,,,,,,,,,,,,,,,
,,,,,,,,,,,,,,,,,,,
,,,,,,,,,,,,,,,,,,,
,,,,,,,,,,,,,,,,,,,
,,,,,,,,,,,,,,,,,,,
,,,,,,,,,,,,,,,,,,,
,,,,,,,,,,,,,,,,,,,
,,,,,,,,,,,,,,,,,,,
,,,,,,,,,,,,,,,,,,,
,,,,,,,,,,,,,,,,,,,
,,,,,,,,,,,,,,,,,,,
,,,,,,,,,,,,,,,,,,,
,,,,,,,,,,,,,,,,,,,
,,,,,,,,,,,,,,,,,,,
,,,,,,,,,,,,,,,,,,,
,,,,,,,,,,,,,,,,,,,
,,,,,,,,,,,,,,,,,,,
,,,,,,,,,,,,,,,,,,,
,,,,,,,,,,,,,,,,,,,
,,,,,,,,,,,,,,,,,,,
,,,,,,,,,,,,,,,,,,,
,,,,,,,,,,,,,,,,,,,
,,,,,,,,,,,,,,,,,,,
,,,,,,,,,,,,,,,,,,,
,,,,,,,,,,,,,,,,,,,
,,,,,,,,,,,,,,,,,,,
,,,,,,,,,,,,,,,,,,,
,,,,,,,,,,,,,,,,,,,
,,,,,,,,,,,,,,,,,,,
,,,,,,,,,,,,,,,,,,,
,,,,,,,,,,,,,,,,,,,
,,,,,,,,,,,,,,,,,,,
,,,,,,,,,,,,,,,,,,,
,,,,,,,,,,,,,,,,,,,
,,,,,,,,,,,,,,,,,,,
,,,,,,,,,,,,,,,,,,,
,,,,,,,,,,,,,,,,,,,
,,,,,,,,,,,,,,,,,,,
,,,,,,,,,,,,,,,,,,,
,,,,,,,,,,,,,,,,,,,
,,,,,,,,,,,,,,,,,,,
,,,,,,,,,,,,,,,,,,,
,,,,,,,,,,,,,,,,,,,
,,,,,,,,,,,,,,,,,,,
,,,,,,,,,,,,,,,,,,,
,,,,,,,,,,,,,,,,,,,
,,,,,,,,,,,,,,,,,,,
,,,,,,,,,,,,,,,,,,,
,,,,,,,,,,,,,,,,,,,
,,,,,,,,,,,,,,,,,,,
,,,,,,,,,,,,,,,,,,,
,,,,,,,,,,,,,,,,,,,
,,,,,,,,,,,,,,,,,,,
,,,,,,,,,,,,,,,,,,,
,,,,,,,,,,,,,,,,,,,
,,,,,,,,,,,,,,,,,,,
,,,,,,,,,,,,,,,,,,,
,,,,,,,,,,,,,,,,,,,
,,,,,,,,,,,,,,,,,,,
,,,,,,,,,,,,,,,,,,,
,,,,,,,,,,,,,,,,,,,
,,,,,,,,,,,,,,,,,,,
,,,,,,,,,,,,,,,,,,,
,,,,,,,,,,,,,,,,,,,
,,,,,,,,,,,,,,,,,,,
,,,,,,,,,,,,,,,,,,,
,,,,,,,,,,,,,,,,,,,
,,,,,,,,,,,,,,,,,,,
,,,,,,,,,,,,,,,,,,,
,,,,,,,,,,,,,,,,,,,
,,,,,,,,,,,,,,,,,,,
,,,,,,,,,,,,,,,,,,,
,,,,,,,,,,,,,,,,,,,
,,,,,,,,,,,,,,,,,,,
,,,,,,,,,,,,,,,,,,,
,,,,,,,,,,,,,,,,,,,
,,,,,,,,,,,,,,,,,,,
,,,,,,,,,,,,,,,,,,,
,,,,,,,,,,,,,,,,,,,
,,,,,,,,,,,,,,,,,,,
,,,,,,,,,,,,,,,,,,,
,,,,,,,,,,,,,,,,,,,
,,,,,,,,,,,,,,,,,,,
,,,,,,,,,,,,,,,,,,,
,,,,,,,,,,,,,,,,,,,
,,,,,,,,,,,,,,,,,,,
,,,,,,,,,,,,,,,,,,,
,,,,,,,,,,,,,,,,,,,
,,,,,,,,,,,,,,,,,,,
,,,,,,,,,,,,,,,,,,,
,,,,,,,,,,,,,,,,,,,
,,,,,,,,,,,,,,,,,,,
,,,,,,,,,,,,,,,,,,,
,,,,,,,,,,,,,,,,,,,
,,,,,,,,,,,,,,,,,,,
,,,,,,,,,,,,,,,,,,,
,,,,,,,,,,,,,,,,,,,
,,,,,,,,,,,,,,,,,,,
,,,,,,,,,,,,,,,,,,,
,,,,,,,,,,,,,,,,,,,
,,,,,,,,,,,,,,,,,,,
,,,,,,,,,,,,,,,,,,,
,,,,,,,,,,,,,,,,,,,
,,,,,,,,,,,,,,,,,,,
,,,,,,,,,,,,,,,,,,,
,,,,,,,,,,,,,,,,,,,
,,,,,,,,,,,,,,,,,,,
,,,,,,,,,,,,,,,,,,,
,,,,,,,,,,,,,,,,,,,
,,,,,,,,,,,,,,,,,,,
,,,,,,,,,,,,,,,,,,,
,,,,,,,,,,,,,,,,,,,
,,,,,,,,,,,,,,,,,,,
,,,,,,,,,,,,,,,,,,,
,,,,,,,,,,,,,,,,,,,
,,,,,,,,,,,,,,,,,,,
,,,,,,,,,,,,,,,,,,,
,,,,,,,,,,,,,,,,,,,
,,,,,,,,,,,,,,,,,,,
,,,,,,,,,,,,,,,,,,,
,,,,,,,,,,,,,,,,,,,
,,,,,,,,,,,,,,,,,,,
,,,,,,,,,,,,,,,,,,,
,,,,,,,,,,,,,,,,,,,
,,,,,,,,,,,,,,,,,,,
,,,,,,,,,,,,,,,,,,,
,,,,,,,,,,,,,,,,,,,
,,,,,,,,,,,,,,,,,,,
,,,,,,,,,,,,,,,,,,,
,,,,,,,,,,,,,,,,,,,
,,,,,,,,,,,,,,,,,,,
,,,,,,,,,,,,,,,,,,,
,,,,,,,,,,,,,,,,,,,
,,,,,,,,,,,,,,,,,,,
,,,,,,,,,,,,,,,,,,,
,,,,,,,,,,,,,,,,,,,
,,,,,,,,,,,,,,,,,,,
,,,,,,,,,,,,,,,,,,,
,,,,,,,,,,,,,,,,,,,
,,,,,,,,,,,,,,,,,,,
,,,,,,,,,,,,,,,,,,,
,,,,,,,,,,,,,,,,,,,
,,,,,,,,,,,,,,,,,,,
,,,,,,,,,,,,,,,,,,,
,,,,,,,,,,,,,,,,,,,
,,,,,,,,,,,,,,,,,,,
,,,,,,,,,,,,,,,,,,,
,,,,,,,,,,,,,,,,,,,
,,,,,,,,,,,,,,,,,,,
,,,,,,,,,,,,,,,,,,,
,,,,,,,,,,,,,,,,,,,
,,,,,,,,,,,,,,,,,,,
,,,,,,,,,,,,,,,,,,,
,,,,,,,,,,,,,,,,,,,
,,,,,,,,,,,,,,,,,,,
,,,,,,,,,,,,,,,,,,,
,,,,,,,,,,,,,,,,,,,
,,,,,,,,,,,,,,,,,,,
,,,,,,,,,,,,,,,,,,,
,,,,,,,,,,,,,,,,,,,
,,,,,,,,,,,,,,,,,,,
,,,,,,,,,,,,,,,,,,,
,,,,,,,,,,,,,,,,,,,
,,,,,,,,,,,,,,,,,,,
,,,,,,,,,,,,,,,,,,,
,,,,,,,,,,,,,,,,,,,
,,,,,,,,,,,,,,,,,,,
,,,,,,,,,,,,,,,,,,,
,,,,,,,,,,,,,,,,,,,
,,,,,,,,,,,,,,,,,,,
,,,,,,,,,,,,,,,,,,,
,,,,,,,,,,,,,,,,,,,
,,,,,,,,,,,,,,,,,,,
,,,,,,,,,,,,,,,,,,,
,,,,,,,,,,,,,,,,,,,
,,,,,,,,,,,,,,,,,,,
,,,,,,,,,,,,,,,,,,,
,,,,,,,,,,,,,,,,,,,
,,,,,,,,,,,,,,,,,,,
,,,,,,,,,,,,,,,,,,,
,,,,,,,,,,,,,,,,,,,
,,,,,,,,,,,,,,,,,,,
,,,,,,,,,,,,,,,,,,,
,,,,,,,,,,,,,,,,,,,
,,,,,,,,,,,,,,,,,,,
,,,,,,,,,,,,,,,,,,,
,,,,,,,,,,,,,,,,,,,
,,,,,,,,,,,,,,,,,,,
,,,,,,,,,,,,,,,,,,,
,,,,,,,,,,,,,,,,,,,
,,,,,,,,,,,,,,,,,,,
,,,,,,,,,,,,,,,,,,,
,,,,,,,,,,,,,,,,,,,
,,,,,,,,,,,,,,,,,,,
,,,,,,,,,,,,,,,,,,,
,,,,,,,,,,,,,,,,,,,
,,,,,,,,,,,,,,,,,,,
,,,,,,,,,,,,,,,,,,,
,,,,,,,,,,,,,,,,,,,
,,,,,,,,,,,,,,,,,,,
,,,,,,,,,,,,,,,,,,,
,,,,,,,,,,,,,,,,,,,
,,,,,,,,,,,,,,,,,,,
,,,,,,,,,,,,,,,,,,,
,,,,,,,,,,,,,,,,,,,
,,,,,,,,,,,,,,,,,,,
,,,,,,,,,,,,,,,,,,,
,,,,,,,,,,,,,,,,,,,
,,,,,,,,,,,,,,,,,,,
,,,,,,,,,,,,,,,,,,,
,,,,,,,,,,,,,,,,,,,
,,,,,,,,,,,,,,,,,,,
,,,,,,,,,,,,,,,,,,,
,,,,,,,,,,,,,,,,,,,
,,,,,,,,,,,,,,,,,,,
,,,,,,,,,,,,,,,,,,,
,,,,,,,,,,,,,,,,,,,
,,,,,,,,,,,,,,,,,,,
,,,,,,,,,,,,,,,,,,,
,,,,,,,,,,,,,,,,,,,
,,,,,,,,,,,,,,,,,,,
,,,,,,,,,,,,,,,,,,,
,,,,,,,,,,,,,,,,,,,
,,,,,,,,,,,,,,,,,,,
,,,,,,,,,,,,,,,,,,,
,,,,,,,,,,,,,,,,,,,
,,,,,,,,,,,,,,,,,,,
,,,,,,,,,,,,,,,,,,,
,,,,,,,,,,,,,,,,,,,
,,,,,,,,,,,,,,,,,,,
,,,,,,,,,,,,,,,,,,,
,,,,,,,,,,,,,,,,,,,
,,,,,,,,,,,,,,,,,,,
,,,,,,,,,,,,,,,,,,,
,,,,,,,,,,,,,,,,,,,
,,,,,,,,,,,,,,,,,,,
,,,,,,,,,,,,,,,,,,,
,,,,,,,,,,,,,,,,,,,
,,,,,,,,,,,,,,,,,,,
,,,,,,,,,,,,,,,,,,,
,,,,,,,,,,,,,,,,,,,
,,,,,,,,,,,,,,,,,,,
,,,,,,,,,,,,,,,,,,,
,,,,,,,,,,,,,,,,,,,
,,,,,,,,,,,,,,,,,,,
,,,,,,,,,,,,,,,,,,,
,,,,,,,,,,,,,,,,,,,
,,,,,,,,,,,,,,,,,,,
,,,,,,,,,,,,,,,,,,,
,,,,,,,,,,,,,,,,,,,
,,,,,,,,,,,,,,,,,,,
,,,,,,,,,,,,,,,,,,,
,,,,,,,,,,,,,,,,,,,
,,,,,,,,,,,,,,,,,,,
,,,,,,,,,,,,,,,,,,,
,,,,,,,,,,,,,,,,,,,
,,,,,,,,,,,,,,,,,,,
,,,,,,,,,,,,,,,,,,,
,,,,,,,,,,,,,,,,,,,
,,,,,,,,,,,,,,,,,,,
,,,,,,,,,,,,,,,,,,,
,,,,,,,,,,,,,,,,,,,
,,,,,,,,,,,,,,,,,,,
,,,,,,,,,,,,,,,,,,,
,,,,,,,,,,,,,,,,,,,
,,,,,,,,,,,,,,,,,,,
,,,,,,,,,,,,,,,,,,,
,,,,,,,,,,,,,,,,,,,
,,,,,,,,,,,,,,,,,,,
,,,,,,,,,,,,,,,,,,,
,,,,,,,,,,,,,,,,,,,
,,,,,,,,,,,,,,,,,,,
,,,,,,,,,,,,,,,,,,,
,,,,,,,,,,,,,,,,,,,
,,,,,,,,,,,,,,,,,,,
,,,,,,,,,,,,,,,,,,,
,,,,,,,,,,,,,,,,,,,
,,,,,,,,,,,,,,,,,,,
,,,,,,,,,,,,,,,,,,,
,,,,,,,,,,,,,,,,,,,
,,,,,,,,,,,,,,,,,,,
,,,,,,,,,,,,,,,,,,,
,,,,,,,,,,,,,,,,,,,
,,,,,,,,,,,,,,,,,,,
,,,,,,,,,,,,,,,,,,,
,,,,,,,,,,,,,,,,,,,
,,,,,,,,,,,,,,,,,,,
,,,,,,,,,,,,,,,,,,,
,,,,,,,,,,,,,,,,,,,
,,,,,,,,,,,,,,,,,,,
,,,,,,,,,,,,,,,,,,,
,,,,,,,,,,,,,,,,,,,
,,,,,,,,,,,,,,,,,,,
,,,,,,,,,,,,,,,,,,,
,,,,,,,,,,,,,,,,,,,
,,,,,,,,,,,,,,,,,,,
,,,,,,,,,,,,,,,,,,,
,,,,,,,,,,,,,,,,,,,
,,,,,,,,,,,,,,,,,,,
,,,,,,,,,,,,,,,,,,,
,,,,,,,,,,,,,,,,,,,
,,,,,,,,,,,,,,,,,,,
,,,,,,,,,,,,,,,,,,,
,,,,,,,,,,,,,,,,,,,
,,,,,,,,,,,,,,,,,,,
,,,,,,,,,,,,,,,,,,,
,,,,,,,,,,,,,,,,,,,
,,,,,,,,,,,,,,,,,,,
,,,,,,,,,,,,,,,,,,,
,,,,,,,,,,,,,,,,,,,
,,,,,,,,,,,,,,,,,,,
,,,,,,,,,,,,,,,,,,,
,,,,,,,,,,,,,,,,,,,
,,,,,,,,,,,,,,,,,,,
,,,,,,,,,,,,,,,,,,,
,,,,,,,,,,,,,,,,,,,
,,,,,,,,,,,,,,,,,,,
,,,,,,,,,,,,,,,,,,,
,,,,,,,,,,,,,,,,,,,
,,,,,,,,,,,,,,,,,,,
,,,,,,,,,,,,,,,,,,,
,,,,,,,,,,,,,,,,,,,
,,,,,,,,,,,,,,,,,,,
,,,,,,,,,,,,,,,,,,,
,,,,,,,,,,,,,,,,,,,
,,,,,,,,,,,,,,,,,,,
,,,,,,,,,,,,,,,,,,,
,,,,,,,,,,,,,,,,,,,
,,,,,,,,,,,,,,,,,,,
,,,,,,,,,,,,,,,,,,,
,,,,,,,,,,,,,,,,,,,
,,,,,,,,,,,,,,,,,,,
,,,,,,,,,,,,,,,,,,,
,,,,,,,,,,,,,,,,,,,
,,,,,,,,,,,,,,,,,,,
,,,,,,,,,,,,,,,,,,,
,,,,,,,,,,,,,,,,,,,
,,,,,,,,,,,,,,,,,,,
,,,,,,,,,,,,,,,,,,,
,,,,,,,,,,,,,,,,,,,
,,,,,,,,,,,,,,,,,,,
,,,,,,,,,,,,,,,,,,,
,,,,,,,,,,,,,,,,,,,
,,,,,,,,,,,,,,,,,,,
,,,,,,,,,,,,,,,,,,,
,,,,,,,,,,,,,,,,,,,
,,,,,,,,,,,,,,,,,,,
,,,,,,,,,,,,,,,,,,,
,,,,,,,,,,,,,,,,,,,
,,,,,,,,,,,,,,,,,,,
,,,,,,,,,,,,,,,,,,,
,,,,,,,,,,,,,,,,,,,
,,,,,,,,,,,,,,,,,,,
,,,,,,,,,,,,,,,,,,,
,,,,,,,,,,,,,,,,,,,
,,,,,,,,,,,,,,,,,,,
,,,,,,,,,,,,,,,,,,,
,,,,,,,,,,,,,,,,,,,
,,,,,,,,,,,,,,,,,,,
,,,,,,,,,,,,,,,,,,,
,,,,,,,,,,,,,,,,,,,
,,,,,,,,,,,,,,,,,,,
,,,,,,,,,,,,,,,,,,,
,,,,,,,,,,,,,,,,,,,
,,,,,,,,,,,,,,,,,,,
,,,,,,,,,,,,,,,,,,,
,,,,,,,,,,,,,,,,,,,
,,,,,,,,,,,,,,,,,,,
,,,,,,,,,,,,,,,,,,,
,,,,,,,,,,,,,,,,,,,
,,,,,,,,,,,,,,,,,,,
,,,,,,,,,,,,,,,,,,,
,,,,,,,,,,,,,,,,,,,
,,,,,,,,,,,,,,,,,,,
,,,,,,,,,,,,,,,,,,,
,,,,,,,,,,,,,,,,,,,
,,,,,,,,,,,,,,,,,,,
,,,,,,,,,,,,,,,,,,,
,,,,,,,,,,,,,,,,,,,
,,,,,,,,,,,,,,,,,,,
,,,,,,,,,,,,,,,,,,,
,,,,,,,,,,,,,,,,,,,
,,,,,,,,,,,,,,,,,,,
,,,,,,,,,,,,,,,,,,,
,,,,,,,,,,,,,,,,,,,
,,,,,,,,,,,,,,,,,,,
,,,,,,,,,,,,,,,,,,,
,,,,,,,,,,,,,,,,,,,
,,,,,,,,,,,,,,,,,,,
,,,,,,,,,,,,,,,,,,,
,,,,,,,,,,,,,,,,,,,
,,,,,,,,,,,,,,,,,,,
,,,,,,,,,,,,,,,,,,,
,,,,,,,,,,,,,,,,,,,
,,,,,,,,,,,,,,,,,,,
,,,,,,,,,,,,,,,,,,,
,,,,,,,,,,,,,,,,,,,
,,,,,,,,,,,,,,,,,,,
,,,,,,,,,,,,,,,,,,,
,,,,,,,,,,,,,,,,,,,
,,,,,,,,,,,,,,,,,,,
,,,,,,,,,,,,,,,,,,,
,,,,,,,,,,,,,,,,,,,
,,,,,,,,,,,,,,,,,,,
,,,,,,,,,,,,,,,,,,,
,,,,,,,,,,,,,,,,,,,
,,,,,,,,,,,,,,,,,,,
,,,,,,,,,,,,,,,,,,,
,,,,,,,,,,,,,,,,,,,
,,,,,,,,,,,,,,,,,,,
,,,,,,,,,,,,,,,,,,,
,,,,,,,,,,,,,,,,,,,
,,,,,,,,,,,,,,,,,,,
,,,,,,,,,,,,,,,,,,,
,,,,,,,,,,,,,,,,,,,
,,,,,,,,,,,,,,,,,,,
,,,,,,,,,,,,,,,,,,,
,,,,,,,,,,,,,,,,,,,
,,,,,,,,,,,,,,,,,,,
,,,,,,,,,,,,,,,,,,,
,,,,,,,,,,,,,,,,,,,
,,,,,,,,,,,,,,,,,,,
,,,,,,,,,,,,,,,,,,,
,,,,,,,,,,,,,,,,,,,
,,,,,,,,,,,,,,,,,,,
,,,,,,,,,,,,,,,,,,,
,,,,,,,,,,,,,,,,,,,
,,,,,,,,,,,,,,,,,,,
,,,,,,,,,,,,,,,,,,,
,,,,,,,,,,,,,,,,,,,
,,,,,,,,,,,,,,,,,,,
,,,,,,,,,,,,,,,,,,,
,,,,,,,,,,,,,,,,,,,
,,,,,,,,,,,,,,,,,,,
,,,,,,,,,,,,,,,,,,,
,,,,,,,,,,,,,,,,,,,
,,,,,,,,,,,,,,,,,,,
,,,,,,,,,,,,,,,,,,,
,,,,,,,,,,,,,,,,,,,
,,,,,,,,,,,,,,,,,,,
,,,,,,,,,,,,,,,,,,,
,,,,,,,,,,,,,,,,,,,
,,,,,,,,,,,,,,,,,,,
,,,,,,,,,,,,,,,,,,,
,,,,,,,,,,,,,,,,,,,
,,,,,,,,,,,,,,,,,,,
,,,,,,,,,,,,,,,,,,,
,,,,,,,,,,,,,,,,,,,
,,,,,,,,,,,,,,,,,,,
,,,,,,,,,,,,,,,,,,,
,,,,,,,,,,,,,,,,,,,
,,,,,,,,,,,,,,,,,,,
,,,,,,,,,,,,,,,,,,,
,,,,,,,,,,,,,,,,,,,
,,,,,,,,,,,,,,,,,,,
,,,,,,,,,,,,,,,,,,,
,,,,,,,,,,,,,,,,,,,
,,,,,,,,,,,,,,,,,,,
,,,,,,,,,,,,,,,,,,,
,,,,,,,,,,,,,,,,,,,
,,,,,,,,,,,,,,,,,,,
,,,,,,,,,,,,,,,,,,,
,,,,,,,,,,,,,,,,,,,
,,,,,,,,,,,,,,,,,,,
,,,,,,,,,,,,,,,,,,,
,,,,,,,,,,,,,,,,,,,
,,,,,,,,,,,,,,,,,,,
,,,,,,,,,,,,,,,,,,,
,,,,,,,,,,,,,,,,,,,
,,,,,,,,,,,,,,,,,,,
,,,,,,,,,,,,,,,,,,,
,,,,,,,,,,,,,,,,,,,
,,,,,,,,,,,,,,,,,,,
,,,,,,,,,,,,,,,,,,,
,,,,,,,,,,,,,,,,,,,
,,,,,,,,,,,,,,,,,,,
,,,,,,,,,,,,,,,,,,,
,,,,,,,,,,,,,,,,,,,
,,,,,,,,,,,,,,,,,,,
,,,,,,,,,,,,,,,,,,,
,,,,,,,,,,,,,,,,,,,
,,,,,,,,,,,,,,,,,,,
,,,,,,,,,,,,,,,,,,,
,,,,,,,,,,,,,,,,,,,
,,,,,,,,,,,,,,,,,,,
,,,,,,,,,,,,,,,,,,,
,,,,,,,,,,,,,,,,,,,
,,,,,,,,,,,,,,,,,,,
,,,,,,,,,,,,,,,,,,,
,,,,,,,,,,,,,,,,,,,
,,,,,,,,,,,,,,,,,,,
,,,,,,,,,,,,,,,,,,,
,,,,,,,,,,,,,,,,,,,
,,,,,,,,,,,,,,,,,,,
,,,,,,,,,,,,,,,,,,,
,,,,,,,,,,,,,,,,,,,
,,,,,,,,,,,,,,,,,,,
,,,,,,,,,,,,,,,,,,,
,,,,,,,,,,,,,,,,,,,
,,,,,,,,,,,,,,,,,,,
,,,,,,,,,,,,,,,,,,,
,,,,,,,,,,,,,,,,,,,
,,,,,,,,,,,,,,,,,,,
,,,,,,,,,,,,,,,,,,,
,,,,,,,,,,,,,,,,,,,
,,,,,,,,,,,,,,,,,,,
,,,,,,,,,,,,,,,,,,,
,,,,,,,,,,,,,,,,,,,
,,,,,,,,,,,,,,,,,,,
,,,,,,,,,,,,,,,,,,,
,,,,,,,,,,,,,,,,,,,
,,,,,,,,,,,,,,,,,,,
,,,,,,,,,,,,,,,,,,,
,,,,,,,,,,,,,,,,,,,
,,,,,,,,,,,,,,,,,,,
,,,,,,,,,,,,,,,,,,,
,,,,,,,,,,,,,,,,,,,
,,,,,,,,,,,,,,,,,,,
,,,,,,,,,,,,,,,,,,,
,,,,,,,,,,,,,,,,,,,
,,,,,,,,,,,,,,,,,,,
,,,,,,,,,,,,,,,,,,,
,,,,,,,,,,,,,,,,,,,
,,,,,,,,,,,,,,,,,,,
,,,,,,,,,,,,,,,,,,,
,,,,,,,,,,,,,,,,,,,
,,,,,,,,,,,,,,,,,,,
,,,,,,,,,,,,,,,,,,,
,,,,,,,,,,,,,,,,,,,
,,,,,,,,,,,,,,,,,,,
,,,,,,,,,,,,,,,,,,,
,,,,,,,,,,,,,,,,,,,
,,,,,,,,,,,,,,,,,,,
,,,,,,,,,,,,,,,,,,,
,,,,,,,,,,,,,,,,,,,
,,,,,,,,,,,,,,,,,,,
,,,,,,,,,,,,,,,,,,,
,,,,,,,,,,,,,,,,,,,
,,,,,,,,,,,,,,,,,,,
,,,,,,,,,,,,,,,,,,,
,,,,,,,,,,,,,,,,,,,
,,,,,,,,,,,,,,,,,,,
,,,,,,,,,,,,,,,,,,,
,,,,,,,,,,,,,,,,,,,
,,,,,,,,,,,,,,,,,,,
,,,,,,,,,,,,,,,,,,,
,,,,,,,,,,,,,,,,,,,
,,,,,,,,,,,,,,,,,,,
,,,,,,,,,,,,,,,,,,,
,,,,,,,,,,,,,,,,,,,
,,,,,,,,,,,,,,,,,,,
,,,,,,,,,,,,,,,,,,,
,,,,,,,,,,,,,,,,,,,
,,,,,,,,,,,,,,,,,,,
,,,,,,,,,,,,,,,,,,,
,,,,,,,,,,,,,,,,,,,
,,,,,,,,,,,,,,,,,,,
,,,,,,,,,,,,,,,,,,,
,,,,,,,,,,,,,,,,,,,
,,,,,,,,,,,,,,,,,,,
,,,,,,,,,,,,,,,,,,,
,,,,,,,,,,,,,,,,,,,
,,,,,,,,,,,,,,,,,,,
,,,,,,,,,,,,,,,,,,,
,,,,,,,,,,,,,,,,,,,
,,,,,,,,,,,,,,,,,,,
,,,,,,,,,,,,,,,,,,,
,,,,,,,,,,,,,,,,,,,
,,,,,,,,,,,,,,,,,,,
,,,,,,,,,,,,,,,,,,,
,,,,,,,,,,,,,,,,,,,
,,,,,,,,,,,,,,,,,,,
,,,,,,,,,,,,,,,,,,,
,,,,,,,,,,,,,,,,,,,
,,,,,,,,,,,,,,,,,,,
,,,,,,,,,,,,,,,,,,,
,,,,,,,,,,,,,,,,,,,
,,,,,,,,,,,,,,,,,,,
,,,,,,,,,,,,,,,,,,,
,,,,,,,,,,,,,,,,,,,
,,,,,,,,,,,,,,,,,,,
,,,,,,,,,,,,,,,,,,,
,,,,,,,,,,,,,,,,,,,
,,,,,,,,,,,,,,,,,,,
,,,,,,,,,,,,,,,,,,,
,,,,,,,,,,,,,,,,,,,
,,,,,,,,,,,,,,,,,,,
,,,,,,,,,,,,,,,,,,,
,,,,,,,,,,,,,,,,,,,
,,,,,,,,,,,,,,,,,,,
,,,,,,,,,,,,,,,,,,,
,,,,,,,,,,,,,,,,,,,
,,,,,,,,,,,,,,,,,,,
,,,,,,,,,,,,,,,,,,,
,,,,,,,,,,,,,,,,,,,
,,,,,,,,,,,,,,,,,,,
,,,,,,,,,,,,,,,,,,,
,,,,,,,,,,,,,,,,,,,
,,,,,,,,,,,,,,,,,,,
,,,,,,,,,,,,,,,,,,,
,,,,,,,,,,,,,,,,,,,
,,,,,,,,,,,,,,,,,,,
,,,,,,,,,,,,,,,,,,,
,,,,,,,,,,,,,,,,,,,
,,,,,,,,,,,,,,,,,,,
,,,,,,,,,,,,,,,,,,,
,,,,,,,,,,,,,,,,,,,
,,,,,,,,,,,,,,,,,,,
,,,,,,,,,,,,,,,,,,,
,,,,,,,,,,,,,,,,,,,
,,,,,,,,,,,,,,,,,,,
,,,,,,,,,,,,,,,,,,,
,,,,,,,,,,,,,,,,,,,
,,,,,,,,,,,,,,,,,,,
,,,,,,,,,,,,,,,,,,,
,,,,,,,,,,,,,,,,,,,
,,,,,,,,,,,,,,,,,,,
,,,,,,,,,,,,,,,,,,,
,,,,,,,,,,,,,,,,,,,
,,,,,,,,,,,,,,,,,,,
,,,,,,,,,,,,,,,,,,,
,,,,,,,,,,,,,,,,,,,
,,,,,,,,,,,,,,,,,,,
,,,,,,,,,,,,,,,,,,,
,,,,,,,,,,,,,,,,,,,
,,,,,,,,,,,,,,,,,,,
,,,,,,,,,,,,,,,,,,,
,,,,,,,,,,,,,,,,,,,
,,,,,,,,,,,,,,,,,,,
,,,,,,,,,,,,,,,,,,,
,,,,,,,,,,,,,,,,,,,
,,,,,,,,,,,,,,,,,,,
,,,,,,,,,,,,,,,,,,,
,,,,,,,,,,,,,,,,,,,
,,,,,,,,,,,,,,,,,,,
,,,,,,,,,,,,,,,,,,,
,,,,,,,,,,,,,,,,,,,
,,,,,,,,,,,,,,,,,,,
,,,,,,,,,,,,,,,,,,,
,,,,,,,,,,,,,,,,,,,
,,,,,,,,,,,,,,,,,,,
,,,,,,,,,,,,,,,,,,,
,,,,,,,,,,,,,,,,,,,
,,,,,,,,,,,,,,,,,,,
,,,,,,,,,,,,,,,,,,,
,,,,,,,,,,,,,,,,,,,
,,,,,,,,,,,,,,,,,,,
,,,,,,,,,,,,,,,,,,,
,,,,,,,,,,,,,,,,,,,
,,,,,,,,,,,,,,,,,,,
,,,,,,,,,,,,,,,,,,,
,,,,,,,,,,,,,,,,,,,
,,,,,,,,,,,,,,,,,,,
,,,,,,,,,,,,,,,,,,,
,,,,,,,,,,,,,,,,,,,
,,,,,,,,,,,,,,,,,,,
,,,,,,,,,,,,,,,,,,,
,,,,,,,,,,,,,,,,,,,
,,,,,,,,,,,,,,,,,,,
,,,,,,,,,,,,,,,,,,,
,,,,,,,,,,,,,,,,,,,
,,,,,,,,,,,,,,,,,,,
,,,,,,,,,,,,,, ,,,,,
